CC_INCIDENT_ID;REQUESTOR_NAME;CURRENT_PHASE;STATUS;SUBMIT_DATE;CLOSE_DATE;BRIEF_DESCRIPTION;CATEGORY;SUBCATEGORY;CC_DETALLE_SERVICIO;CC_DETALLE;ASSIGNED_GROUP;ASSIGNED_TO;AFFECTED_ITEM;RF_ID
--------------;--------------;-------------;------;-----------;----------;-----------------;--------;-----------;-------------------;----------;--------------;-----------;-------------;-----
SD4664496;SAMUEL PAREDES SAEZ;Solicitud de Ticket;Asignado a Grupo Resolutor;2026-08-04 13:57:34;NULL;Solicitud  factibilidad 4 rack, proyecto 1604373 Universidad Técnica Federico Santa María;Requerimiento;Servicio Interno;Colocation;Consulta de capacidad;Operaciones Infraestructura;Dabiana.Carrero;CI1002031;RF495112
SD4664496;SAMUEL PAREDES SAEZ;Trabajo en Progreso;Trabajo en Progreso;2026-08-03 20:57:52;NULL;Solicitud  factibilidad 4 rack, proyecto 1604373 Universidad Técnica Federico Santa María;Requerimiento;Servicio Interno;Colocation;Consulta de capacidad;Capacidad;Nicolas.Salazar;CI1002031;RF494902
SD4670828;JUAN BARRERA RAMOS;Trabajo en Progreso;Asignado a Grupo Resolutor;2026-08-03 20:57:44;NULL;INNOVIT SPA/ Ver direccionamiento IP;Requerimiento;Servicio Interno;Colocation;Revisión Virtualización;ProvisionVirtualizacionTI;Antonio.Palominos;CI1002031;RF494900
SD4659959;SAMUEL PAREDES SAEZ;Resolución;Resuelto;2026-08-03 18:27:15;NULL;Regularización NIP y filtro de contenido VDOM SLEP COSTA CENTRAL – Proyecto 1596732;Requerimiento;Servicio Interno;Colocation;Apoyo habilitacion cliente;ProvisionConectividadTI;Ivan.Ariste;CI1002031;RF494810
SD4521364;SAMUEL PAREDES SAEZ;Closure;Cerrado;2026-07-30 15:38:18;2026-08-02 18:35:42;Exportación de configuración clúster FortiGate HA – Laboratorios Saval;Requerimiento;Seguridad;Colocation;Revision de configuracion;Ingeniero Soporte N2;Byron.Ramirez;CI1002031;RF493753
SD4507214;JUAN BARRERA RAMOS;Resolución;Resuelto;2026-07-30 01:24:34;NULL;Colgram/revision de Tuneles SDWAN;Requerimiento;Servicio Interno;Colocation;Revision de conectividad;ProvisionConectividadTI;Ivan.Ariste;CI1002031;RF493569
SD4498963;SAMUEL PAREDES SAEZ;Closure;Cerrado;2026-07-29 18:37:22;2026-08-02 13:35:32;DEPORTES SPARTA LTDA. - Eliminación de maquinas / implementación SASE-ZTNA;Requerimiento;Servicio Interno;Colocation;Apoyo habilitacion cliente;Lideres Tecnicos;Alejandro.Lavin;CI1002031;RF493461
SD4471190;JUAN BARRERA RAMOS;Closure;Cerrado;2026-07-28 19:34:12;2026-08-02 16:35:53;Colgram S.A. / Soporte;Requerimiento;Servicio Interno;Colocation;Revision de conectividad;ProvisionConectividadTI;Ivan.Ariste;CI1002031;RF493116
SD4431821;SAMUEL PAREDES SAEZ;Cierre;Cerrado;2026-07-28 07:05:55;2026-07-29 09:39:41;Visita Data Center de SAMUEL PAREDES SAEZ;Visita Data Center;colocation;Colocation;Mantenimiento cliente;Servicio Colocation;Ignacio.Osorio;CI1002031;RF492920
SD4319253;JUAN BARRERA RAMOS;Closure;Cerrado;2026-07-23 19:27:16;2026-07-27 14:38:17;Soporte INNOVIT SPA;Requerimiento;Servicio Interno;Colocation;Revision de conectividad;ProvisionConectividadTI;Ivan.Ariste;CI1002031;RF491813
SD4295356;SAMUEL PAREDES SAEZ;Cierre;Cerrado;2026-07-23 02:05:49;2026-07-24 10:22:45;Visita Data Center de SAMUEL PAREDES SAEZ;Visita Data Center;colocation;Colocation;Mantenimiento cliente;Servicio Colocation;Eduardo.Godoy;CI1002031;RF491579
SD4295495;JUAN BARRERA RAMOS;Closure;Cerrado;2026-07-22 19:55:39;2026-07-30 20:35:08;INNOVIT/ Limite de VMs;Requerimiento;Servicio Interno;Colocation;Revisión Virtualización;Torre Virtualización;Pablo.Navarrete;CI1002031;RF491485
SD4295453;JUAN BARRERA RAMOS;Closure;Cerrado;2026-07-22 19:50:36;2026-07-27 14:38:00;INNOVIT /Nuevo NAT;Requerimiento;Servicio Interno;Colocation;Revision de conectividad;ProvisionConectividadTI;Ivan.Ariste;CI1002031;RF491483
SD4286852;JUAN BARRERA RAMOS;Closure;Cerrado;2026-07-22 15:02:28;2026-07-27 14:37:55;IM QUILPUE /Agregar equipos a FMG, FAZ y Fortiportal;Requerimiento;Servicio Interno;Colocation;Revision de conectividad;ProvisionConectividadTI;Ivan.Ariste;CI1002031;RF491395
SD4269395;JUAN BARRERA RAMOS;Closure;Cerrado;2026-07-21 20:49:27;2026-07-26 14:35:41;SENAPRED/ REGLAS OOB;Requerimiento;Servicio Interno;Colocation;Revision de conectividad;Plataforma T3 / Soporte Especializado;Victor.Covarrubias;CI1002031;RF491155
SD4236494;SAMUEL PAREDES SAEZ;Closure;Cerrado;2026-07-20 20:20:29;2026-07-25 16:35:00;Solicitud de evidencia de configuración VLAN 3499 en Core y Access DRaaS DCH – Proyecto 1602246;Requerimiento;Servicio Interno;Colocation;Apoyo habilitacion cliente;ProvisionConectividadTI;Alejandro.Carrasco;CI1002031;RF490786
SD4235946;SAMUEL PAREDES SAEZ;Resolución;Resuelto;2026-07-20 17:51:34;NULL;Solicitud escalamiento T3 – Fallas VPN SSL con FortiToken/MFA – Deportes Sparta;Requerimiento;Servicio Interno;Colocation;Apoyo habilitacion cliente;ProvisionConectividadTI;Ivan.Ariste;CI1002031;RF490715
SD4078572;JUAN BARRERA RAMOS;Closure;Cerrado;2026-07-14 19:38:29;2026-07-17 20:36:03;GSS-CAT-03 Formulario de acceso y trabajos programadosV2;Requerimiento;TR Colocation;Colocation;Mantenimiento cliente;Servicio Colocation;Ignacio.Osorio;CI1002031;RF489056
SD4075611;SAMUEL PAREDES SAEZ;Trabajo en Progreso;Asignado a Grupo Resolutor;2026-07-14 16:32:00;NULL;Solicitud: Reprovisión VM Windows Server 2022 – Active Directory / Blanco Viajes SPA;Requerimiento;Servicio Interno;Colocation;Apoyo habilitacion cliente;Lideres Tecnicos;Alejandro.Lavin;CI1002031;RF488987
SD4048325;JUAN BARRERA RAMOS;Closure;Cerrado;2026-07-13 15:04:04;2026-07-16 19:35:49;Jaras Diesel / Ruta Default;Requerimiento;Servicio Interno;Colocation;Revision de conectividad;ProvisionConectividadTI;Alejandro.Carrasco;CI1002031;RF488570
SD3928766;SAMUEL PAREDES SAEZ;Cierre;Cerrado;2026-07-10 02:36:15;2026-07-10 15:41:47;Visita Data Center de SAMUEL PAREDES SAEZ;Visita Data Center;colocation;Colocation;Mantenimiento cliente;Servicio Colocation;Karen.Reyes;CI1002031;RF487702
SD3954346;SAMUEL PAREDES SAEZ;Cierre;Cerrado;2026-07-10 01:37:01;2026-07-10 21:17:17;Visita Data Center de SAMUEL PAREDES SAEZ;Visita Data Center;colocation;Colocation;Mantenimiento cliente;Servicio Colocation;Ignacio.Osorio;CI1002031;RF487690
SD3951548;SAMUEL PAREDES SAEZ;Closure;Cerrado;2026-07-09 13:17:32;2026-07-12 17:35:28;Habilitación de regla VDOM, Conectividad LAN to LAN /  Blanco Viajes SPA 1597350;Requerimiento;Servicio Interno;Colocation;Apoyo habilitacion cliente;ProvisionConectividadTI;Ivan.Ariste;CI1002031;RF487344
SD3931828;SAMUEL PAREDES SAEZ;Closure;Cerrado;2026-07-08 15:27:16;2026-07-12 13:35:37;Solicitud de cotización de cruzadas Tipo 4: Sala Nodo a Sala Blanca;Requerimiento;Cableado Estructurado;Colocation;Certificación de Fibra Óptica;Servicio de Cableado;Enrique.Parra;CI1002031;RF487002
SD3897347;SAMUEL PAREDES SAEZ;Closure;Cerrado;2026-07-06 20:05:47;2026-07-09 22:35:10;Solicitud: Aplicación de políticas Firewall – VM BOTMANAGER / Blanco Viajes;Requerimiento;Servicio Interno;Colocation;Apoyo habilitacion cliente;ProvisionConectividadTI;Ivan.Ariste;CI1002031;RF486359
SD3896780;SAMUEL PAREDES SAEZ;Trabajo en Progreso;Asignado a Grupo Resolutor;2026-07-06 16:55:10;NULL;Creación VM BOTMANAGER – VDC_BLANCO_VIAJES_SPA | Proyecto 1607461;Requerimiento;Servicio Interno;Colocation;Apoyo habilitacion cliente;Lideres Tecnicos;Alejandro.Lavin;CI1002031;RF486299
SD3896605;JUAN BARRERA RAMOS;Closure;Cerrado;2026-07-06 16:07:17;2026-07-09 17:36:43;Jaras Diesel / Solicitud de IPs Publicas;Requerimiento;Servicio Interno;Colocation;Revision de conectividad;Plataforma T3 / Soporte Especializado;Luz.Medina;CI1002031;RF486271
SD3847183;JUAN BARRERA RAMOS;Closure;Cerrado;2026-07-03 15:19:14;2026-07-09 14:35:54;INNOVIT SPA/ Acceso a Repositorios de ISO;Requerimiento;Servicio Interno;Colocation;Revisión Virtualización;Torre Virtualización;Pablo.Navarrete;CI1002031;RF485588
SD3847145;JUAN BARRERA RAMOS;Closure;Cerrado;2026-07-03 15:11:23;2026-07-11 21:35:48;Jaras Diesel / Solicitud de Documentacion;Requerimiento;Servicio Interno;Colocation;Revision de conectividad;ProvisionConectividadTI;Ivan.Ariste;CI1002031;RF485581
SD3832563;JUAN BARRERA RAMOS;Closure;Cerrado;2026-07-02 16:50:56;2026-07-05 18:35:10;Visita Data Center de JUAN BARRERA RAMOS;Requerimiento;TR Colocation;Colocation;Mantenimiento cliente;Servicio Colocation;Robinson.Gutierrez;CI1002031;RF485310
SD3828551;SAMUEL PAREDES SAEZ;Closure;Cerrado;2026-07-02 14:34:09;2026-07-09 14:35:35;Validación disponibilidad IP 192.168.100.108 – VDOM Blanco Viajes / VLAN 3345;Requerimiento;Servicio Interno;Colocation;Apoyo habilitacion cliente;ProvisionConectividadTI;Ivan.Ariste;CI1002031;RF485229
SD3828455;SAMUEL PAREDES SAEZ;Closure;Cerrado;2026-07-02 14:09:42;2026-07-06 13:35:25;1596284 NetProvider - FORTIPORTAL Validar Credencial;Requerimiento;Servicio Interno;Colocation;Apoyo habilitacion cliente;Plataforma T3 / Soporte Especializado;Luz.Medina;CI1002031;RF485207
SD3814928;JUAN BARRERA RAMOS;Closure;Cerrado;2026-07-01 17:58:32;2026-07-05 13:35:56;Colgram/Habilitacion de Tuneles;Requerimiento;Servicio Interno;Colocation;Revision de conectividad;ProvisionConectividadTI;Ivan.Ariste;CI1002031;RF484957
SD3724524;SAMUEL PAREDES SAEZ;Closure;Cerrado;2026-06-25 14:35:17;2026-06-28 15:36:06;Validación Upgrade FortiAnalyzer / 1597369, Ilustre Municipalidad de Quinta Normal;Requerimiento;Servicio Interno;Colocation;Apoyo habilitacion cliente;Plataforma T3 / Soporte Especializado;Luz.Medina;CI1002031;RF483310
SD3705097;SAMUEL PAREDES SAEZ;Closure;Cerrado;2026-06-24 19:18:31;2026-07-05 19:34:53;1589612 – Deportes Sparta / Agregar usuarios MFA FortiToken;Requerimiento;Servicio Interno;Colocation;Apoyo habilitacion cliente;ProvisionConectividadTI;Alejandro.Carrasco;CI1002031;RF483034
SD3704991;JUAN BARRERA RAMOS;Closure;Cerrado;2026-06-24 18:29:19;2026-06-28 12:35:01;INNOVIT SPA;Requerimiento;Servicio Interno;Colocation;Revisión Virtualización;Torre Virtualización;Pablo.Navarrete;CI1002031;RF483020
SD3676745;JUAN BARRERA RAMOS;Closure;Cerrado;2026-06-23 16:02:48;2026-06-30 21:35:22;26-06 16:00 AN04 B3 // GSI-CAT-0002 FICHA COLOCATION Caja 18 LirayretiroVeritas.xlsx;Requerimiento;Colocation;Colocation;Egreso de equipos;Soporte N1 Operaciones;Robinson.Gutierrez;CI1002031;RF482623
SD3676745;JUAN BARRERA RAMOS;Closure;Cerrado;2026-06-23 16:00:39;2026-07-03 15:35:49;26-06 16:00 AN04 B3 // CARGA DCIM // GSI-CAT-0002 FICHA COLOCATION Caja 18 LirayretiroVeritas.xlsx;Requerimiento;Colocation;Colocation;Carga de equipos;Servicio Colocation;Sergio.Adasme;CI1002031;RF482621
SD3676745;JUAN BARRERA RAMOS;Closure;Cerrado;2026-06-23 15:55:21;2026-06-29 23:35:31;26-06 16:00 AN04 B3 // GSI-CAT-0002 FICHA COLOCATION Caja 18 LirayretiroVeritas.xlsx;Requerimiento;Colocation;Colocation;Acompañamiento ingreso / egreso de equipos;Servicio Colocation;Robinson.Gutierrez;CI1002031;RF482619
SD3676745;JUAN BARRERA RAMOS;Closure;Cerrado;2026-06-23 15:51:43;2026-06-26 19:35:50;26-06 16:00 AN04 B3 // GSI-CAT-0002 FICHA COLOCATION Caja 18 LirayretiroVeritas.xlsx;Requerimiento;Colocation;Colocation;Egreso de equipos;Operaciones Infraestructura;Jorge.Morales;CI1002031;RF482617
SD3676758;JUAN BARRERA RAMOS;Closure;Cerrado;2026-06-23 15:47:09;2026-06-26 22:35:04;Caja 18 AN04 /Retiro de Veritas;Requerimiento;Servicio Interno;Colocation;Revision de conectividad;Plataforma T3 / Soporte Especializado;Victor.Covarrubias;CI1002031;RF482614
SD3651329;SAMUEL PAREDES SAEZ;Closure;Cerrado;2026-06-22 17:24:56;2026-06-28 20:35:16;Solicitud cambio a respaldo inmutable – Cliente TPS – SOLOT 17523741 / 17523743;Requerimiento;Servicio Interno;Colocation;Torre Respaldos;Torre Respaldos;Pablo.Zbinden;CI1002031;RF482334
SD3648187;SAMUEL PAREDES SAEZ;Closure;Cerrado;2026-06-22 11:43:10;2026-06-25 16:36:35; 1589612 – Deportes Sparta / Agregar usuarios MFA FortiToken;Requerimiento;Servicio Interno;Colocation;Apoyo habilitacion cliente;ProvisionConectividadTI;Alejandro.Carrasco;CI1002031;RF482178
SD3610043;SAMUEL PAREDES SAEZ;Trabajo en Progreso;Abierto;2026-06-19 16:14:11;NULL; ID 1597350 | Blanco Viajes | Activacion suscripcion SO SUSE;Requerimiento;Servicio Interno;Colocation;Apoyo habilitacion cliente;ProvisionVirtualizacionTI;NULL;CI1002031;RF481709
SD3607370;SAMUEL PAREDES SAEZ;Closure;Cerrado;2026-06-18 19:16:38;2026-07-05 19:34:48;Solicitud documentacion DRaaS IM La Florida;Requerimiento;Servicio Interno;Colocation;Apoyo habilitacion cliente;ProvisionConectividadTI;Alejandro.Carrasco;CI1002031;RF481362
SD3606136;SAMUEL PAREDES SAEZ;Closure;Cerrado;2026-06-18 12:36:29;2026-06-27 15:35:44;Activación suscripción SUSE – Integration_Service_Layer | Blanco Viajes py 1597350;Requerimiento;Servicio Interno;Colocation;Torre SAP;Torre SAP;Maikel.Majul;CI1002031;RF481215
SD3604085;SAMUEL PAREDES SAEZ;Closure;Cerrado;2026-06-17 20:55:40;2026-06-25 16:35:39;Sparta – FortiToken /  Habilitar FortiToken (MFA)  usuarios;Requerimiento;Servicio Interno;Colocation;Apoyo habilitacion cliente;ProvisionConectividadTI;Alejandro.Carrasco;CI1002031;RF481021
SD3587786;JUAN BARRERA RAMOS;Trabajo en Progreso;Asignado a Grupo Resolutor;2026-06-11 21:29:25;NULL;Ayesa/ Agregar a Monitoreo;Requerimiento;Servicio Interno;Colocation;Revisión Virtualización;ProvisionVirtualizacionTI;Antonio.Palominos;CI1002031;RF479435
SD3587521;SAMUEL PAREDES SAEZ;Trabajo en Progreso;Abierto;2026-06-11 19:53:40;NULL;BLANCO VIAJES SPA // PY:1597350 // Habilitación filesystem /hana/backup;Requerimiento;Servicio Interno;Colocation;Apoyo habilitacion cliente;ProvisionVirtualizacionTI;NULL;CI1002031;RF479396
SD3587274;SAMUEL PAREDES SAEZ;Trabajo en Progreso;Abierto;2026-06-11 18:17:47;NULL;BLANCO VIAJES SPA // PY:1597350 // Reemplazo VM Integration Service Layer Windows por SUSE Linux;Requerimiento;Servicio Interno;Colocation;Apoyo habilitacion cliente;ProvisionVirtualizacionTI;NULL;CI1002031;RF479364
SD3586993;JUAN BARRERA RAMOS;Closure;Cerrado;2026-06-11 16:47:41;2026-06-14 20:16:33;AYESA/Licenciamiento de Servidores;Requerimiento;Servicio Interno;Colocation;Revisión Virtualización;Torre Microsoft;Antonio.Cuevas;CI1002031;RF479314
SD3579769;SAMUEL PAREDES SAEZ;Cierre;Cerrado;2026-06-11 02:02:47;2026-06-11 22:19:00;Visita Data Center de SAMUEL PAREDES SAEZ;Visita Data Center;colocation;Colocation;Mantenimiento cliente;Servicio Colocation;Daniel.Cifuentes;CI1002031;RF479126
SD3579693;JUAN BARRERA RAMOS;Closure;Cerrado;2026-06-10 19:14:56;2026-06-18 13:15:43;Senapred/Licenciamiento;Requerimiento;Servicio Interno;Colocation;Revisión Virtualización;Torre Linux;Juan.Concha;CI1002031;RF479008
SD3578460;JUAN BARRERA RAMOS;Trabajo en Progreso;Asignado a Grupo Resolutor;2026-06-10 13:18:49;NULL;Ayesa/instalacion de 2 VMs;Requerimiento;Servicio Interno;Colocation;Revisión Virtualización;ProvisionVirtualizacionTI;Antonio.Palominos;CI1002031;RF478871
SD3575984;JUAN BARRERA RAMOS;Trabajo en Progreso;Asignado a Grupo Resolutor;2026-06-09 19:59:17;NULL;SENAPRED /CONFIG Monitoreo;Requerimiento;Servicio Interno;Colocation;Revisión Virtualización;ProvisionVirtualizacionTI;Antonio.Palominos;CI1002031;RF478646
SD3575190;SAMUEL PAREDES SAEZ;Closure;Cerrado;2026-06-09 16:01:01;2026-06-14 15:15:21;Solicitud Cotización y Provisión Urgente – 4 Cruzadas Tipo 5 Sala B3;Requerimiento;Cableado Estructurado;Colocation;Tendido de Fibra Óptica;Servicio de Cableado;Enrique.Parra;CI1002031;RF478567
SD3575188;JUAN BARRERA RAMOS;Trabajo en Progreso;Asignado a Grupo Resolutor;2026-06-09 16:00:31;NULL;SENAPRED/ IPs de Monitoreo;Requerimiento;Servicio Interno;Colocation;Revisión Virtualización;ProvisionVirtualizacionTI;Antonio.Palominos;CI1002031;RF478566
SD3572234;SAMUEL PAREDES SAEZ;Closure;Cerrado;2026-06-08 16:46:12;2026-06-14 16:15:26;Solicitud de apoyo técnico para revisión de falla FortiToken / VPN – Cliente SPARTA;Requerimiento;Servicio Interno;Colocation;Apoyo habilitacion cliente;ProvisionConectividadTI;Ivan.Ariste;CI1002031;RF478208
SD3565532;JUAN BARRERA RAMOS;Closure;Cerrado;2026-06-05 13:55:52;2026-06-08 14:16:57;INNOVIT SPA/ Creacion de Nuevas VPN;Requerimiento;Servicio Interno;Colocation;Revision de conectividad;ProvisionConectividadTI;Ivan.Ariste;CI1002031;RF477593
SD3561986;SAMUEL PAREDES SAEZ;Closure;Cerrado;2026-06-04 14:35:28;2026-06-08 18:15:34;Solicitud Cruzada Tipo 1 – Proyecto 1609634 GTD TELEDUCTOS S.A. / EVERTEC;Requerimiento;Cableado Estructurado;Colocation;Tendido de Fibra Óptica;Servicio de Cableado;Enrique.Parra;CI1002031;RF477264
SD3559827;JUAN BARRERA RAMOS;Closure;Cerrado;2026-06-03 19:14:47;2026-06-06 22:16:16;INNOVIT SPA /Crear Nueva VPN y Baja de otra;Requerimiento;Servicio Interno;Colocation;Revision de conectividad;ProvisionConectividadTI;Ivan.Ariste;CI1002031;RF477054
SD3554002;SAMUEL PAREDES SAEZ;Closure;Cerrado;2026-06-02 19:11:04;2026-06-06 15:15:51;Validación Upgrade capacidad FortiAnalyzer / Reevaluación de Costos, 1597369, Cliente: ILUSTRE MUNIC;Requerimiento;Servicio Interno;Colocation;Apoyo habilitacion cliente;Plataforma T3 / Soporte Especializado;Victor.Covarrubias;CI1002031;RF476752
SD3531699;SAMUEL PAREDES SAEZ;Cierre;Cerrado;2026-05-28 02:32:30;2026-05-28 16:41:51;Visita Data Center de SAMUEL PAREDES SAEZ;Visita Data Center;colocation;Colocation;Mantenimiento cliente;Servicio Colocation;Karen.Reyes;CI1002031;RF475359
SD3535023;SAMUEL PAREDES SAEZ;Closure;Cerrado;2026-05-27 20:28:51;2026-05-31 15:15:43;Ticket –  soporte ProvisionTI SPARTA;Requerimiento;Servicio Interno;Colocation;Apoyo habilitacion cliente;ProvisionConectividadTI;Ivan.Ariste;CI1002031;RF475298
SD3535000;SAMUEL PAREDES SAEZ;Closure;Cerrado;2026-05-27 20:18:14;2026-05-31 15:15:35;Solicitud soporte ProvisionTI – Regularización VPN SSL / FortiToken Sparta;Requerimiento;Servicio Interno;Colocation;Apoyo habilitacion cliente;ProvisionConectividadTI;Ivan.Ariste;CI1002031;RF475295
SD3534892;JUAN BARRERA RAMOS;Closure;Cerrado;2026-05-27 19:24:35;2026-05-31 15:15:26;Servicio de Registro Civil e Identificacion // Nuevas VPN;Requerimiento;Servicio Interno;Colocation;Revision de conectividad;ProvisionConectividadTI;Ivan.Ariste;CI1002031;RF475285
SD3532446;JUAN BARRERA RAMOS;Cierre;Cerrado;2026-05-27 03:02:43;2026-05-28 07:52:18;Visita Data Center de JUAN BARRERA RAMOS;Visita Data Center;colocation;Colocation;Ingreso de equipos;Soporte N1 Operaciones;Daniel.Cifuentes;CI1002031;RF475077
SD3528055;JUAN BARRERA RAMOS;Closure;Cerrado;2026-05-25 19:54:56;2026-05-29 19:16:03;SENAPRED/ Nuevo Colocation;Requerimiento;Servicio Interno;Colocation;Revision de conectividad;Plataforma T3 / Soporte Especializado;Victor.Covarrubias;CI1002031;RF474655
SD3527495;SAMUEL PAREDES SAEZ;Closure;Cerrado;2026-05-25 15:55:36;2026-06-06 16:15:33;Escalamiento problema VPN FortiToken – Proyecto Sparta;Requerimiento;Servicio Interno;Colocation;Apoyo habilitacion cliente;ProvisionConectividadTI;Ivan.Ariste;CI1002031;RF474584
SD3518280;JUAN BARRERA RAMOS;Closure;Cerrado;2026-05-22 16:01:09;2026-06-01 13:15:22;27-05 // 10:00 // B3 // AR09 // Carga de Equipo Open Dcim // Colocation Senapred;Requerimiento;Colocation;Colocation;Carga de equipos;Servicio Colocation;Sergio.Adasme;CI1002031;RF474031
SD3518280;JUAN BARRERA RAMOS;Closure;Cerrado;2026-05-22 15:57:00;2026-05-28 13:16:35;27-05 // 10:00 // B3 // AR09 // Colocation Senapred;Requerimiento;Cableado Estructurado;Colocation;Inspección Visual;Servicio de Cableado;Enrique.Parra;CI1002031;RF474030
SD3518280;JUAN BARRERA RAMOS;Closure;Cerrado;2026-05-22 15:55:51;2026-05-30 20:15:56;27-05 // 10:00 // B3 // AR09 // Colocation Senapred;Requerimiento;Colocation;Colocation;Acompañamiento ingreso / egreso de equipos;Servicio Colocation;Daniel.Cifuentes;CI1002031;RF474027
SD3518280;JUAN BARRERA RAMOS;Closure;Cerrado;2026-05-22 15:55:07;2026-05-25 17:16:49;27-05 // 10:00 // B3 // AR09 // Colocation Senapred;Requerimiento;Colocation;Colocation;Ingreso de equipos;Operaciones Infraestructura;Jorge.Morales;CI1002031;RF474026
SD3518284;JUAN BARRERA RAMOS;Closure;Cerrado;2026-05-22 15:40:11;2026-05-25 19:16:32;SENAPRED/ Nuevo Colocation;Requerimiento;Servicio Interno;Colocation;Revision de conectividad;Plataforma T3 / Soporte Especializado;Victor.Covarrubias;CI1002031;RF474023
SD3518191;JUAN BARRERA RAMOS;Closure;Cerrado;2026-05-22 15:19:17;2026-05-25 18:16:27;Servicio de Registro Civil e Identificacion;Requerimiento;Servicio Interno;Colocation;Revision de conectividad;Plataforma T3 / Soporte Especializado;Victor.Covarrubias;CI1002031;RF474012
SD3514220;JUAN BARRERA RAMOS;Solicitud de Ticket;Asignado a Grupo Resolutor;2026-05-20 19:31:14;NULL;Servicio de Registro Civil e Identificacion;Requerimiento;Servicio Interno;Colocation;Revisión Virtualización;ProvisionVirtualizacionTI;Antonio.Palominos;CI1002031;RF473689
SD3514217;JUAN BARRERA RAMOS;Trabajo en Progreso;Asignado a Grupo Resolutor;2026-05-20 19:29:35;NULL;Servicio de Registro Civil e Identificacion;Requerimiento;Servicio Interno;Colocation;Revisión Virtualización;ProvisionVirtualizacionTI;Antonio.Palominos;CI1002031;RF473688
SD3508604;JUAN BARRERA RAMOS;Solicitud de Ticket;Abierto;2026-05-19 21:51:36;NULL;Servicio de Registro Civil e Identificacion;Requerimiento;Servicio Interno;Colocation;Revisión Virtualización;ProvisionVirtualizacionTI;Antonio.Palominos;CI1002031;RF473436
SD3508450;JUAN BARRERA RAMOS;Closure;Cerrado;2026-05-19 21:23:38;2026-05-22 23:15:35;Visita Data Center de JUAN BARRERA RAMOS;Requerimiento;TR Colocation;Colocation;Mantenimiento cliente;Soporte N1 Operaciones;Ignacio.Osorio;CI1002031;RF473428
SD3502721;JUAN BARRERA RAMOS;Trabajo en Progreso;Trabajo en progreso;2026-05-18 21:05:30;NULL;IM la Florida;Requerimiento;Servicio Interno;Colocation;Revisión Virtualización;ProvisionVirtualizacionTI;Antonio.Palominos;CI1002031;RF473137
SD3502490;SAMUEL PAREDES SAEZ;Closure;Cerrado;2026-05-18 20:04:41;2026-05-21 21:16:30;Validación ingreso de equipo – 1610385 / INTERNEXA CHILE S.A. / Chapa rack AL08 Sala Nodo C;Requerimiento;Servicio Interno;Colocation;Apoyo habilitacion cliente;Plataforma T3 / Soporte Especializado;Christopher.Cerda;CI1002031;RF473113
SD3489937;JUAN BARRERA RAMOS;Closure;Cerrado;2026-05-14 18:59:27;2026-05-17 21:16:41;Registro Civil // Documentacion Firewall;Requerimiento;Servicio Interno;Colocation;Revision de conectividad;ProvisionConectividadTI;Ivan.Ariste;CI1002031;RF472225
SD3489870;JUAN BARRERA RAMOS;Trabajo en Progreso;Asignado a Grupo Resolutor;2026-05-14 18:42:47;NULL;Subir OVF Registro Civil;Requerimiento;Servicio Interno;Colocation;Revisión Virtualización;ProvisionVirtualizacionTI;Alejandro.Aguilar;CI1002031;RF472214
SD3489865;JUAN BARRERA RAMOS;Closure;Cerrado;2026-05-14 18:39:56;2026-05-18 16:17:20;Registro Civil // Crear PortGroup;Requerimiento;Servicio Interno;Colocation;Revisión Virtualización;Torre Virtualización;Pablo.Navarrete;CI1002031;RF472213
SD3481578;JUAN BARRERA RAMOS;Closure;Cerrado;2026-05-12 20:19:54;2026-05-16 17:16:16;IM Florida //Usuario VPN;Requerimiento;Servicio Interno;Colocation;Revision de conectividad;ProvisionConectividadTI;Ivan.Ariste;CI1002031;RF471589
SD3477908;SAMUEL PAREDES SAEZ;Closure;Cerrado;2026-05-11 20:02:52;2026-05-14 21:16:11;Habilitación FortiToken – Grupo 11-05 SPARTA;Requerimiento;Servicio Interno;Colocation;Apoyo habilitacion cliente;ProvisionConectividadTI;Ivan.Ariste;CI1002031;RF471219
SD3476117;SAMUEL PAREDES SAEZ;Closure;Cerrado;2026-05-11 13:54:23;2026-05-14 21:15:52;Revisión casos VPN FortiToken e integración LDAP/AD - Deportes Sparta;Requerimiento;Servicio Interno;Colocation;Apoyo habilitacion cliente;ProvisionConectividadTI;Ivan.Ariste;CI1002031;RF471085
SD3469175;SAMUEL PAREDES SAEZ;Cierre;Cerrado;2026-05-11 02:02:59;2026-05-11 23:17:34;Visita Data Center de SAMUEL PAREDES SAEZ;Visita Data Center;colocation;Colocation;Mantenimiento cliente;Servicio Colocation;Jordan.Munoz;CI1002031;RF470968
SD3469101;SAMUEL PAREDES SAEZ;Cierre;Cerrado;2026-05-11 02:02:58;2026-05-11 23:17:47;Visita Data Center de SAMUEL PAREDES SAEZ;Visita Data Center;colocation;Colocation;Mantenimiento cliente;Servicio Colocation;Jordan.Munoz;CI1002031;RF470967
SD3468672;SAMUEL PAREDES SAEZ;Cierre;Cerrado;2026-05-09 12:32:39;2026-05-10 05:36:33;Visita Data Center de SAMUEL PAREDES SAEZ;Visita Data Center;colocation;Colocation;Mantenimiento cliente;Servicio Colocation;Diego.Constanzo;CI1002031;RF470791
SD3465635;JUAN BARRERA RAMOS;Closure;Cerrado;2026-05-07 19:18:28;2026-05-10 22:16:22;IM QUILPUE / Correccion de IPs;Requerimiento;Servicio Interno;Colocation;Revision de conectividad;ProvisionConectividadTI;Ivan.Ariste;CI1002031;RF470333
SD3462454;SAMUEL PAREDES SAEZ;Closure;Cerrado;2026-05-06 19:55:49;2026-05-16 17:15:56;DEPORTES SPARTA – Revisión integración LDAP/AD VPN FortiGate;Requerimiento;Servicio Interno;Colocation;Apoyo habilitacion cliente;ProvisionConectividadTI;Ivan.Ariste;CI1002031;RF470038
SD3462414;SAMUEL PAREDES SAEZ;Closure;Cerrado;2026-05-06 19:41:15;2026-05-11 20:15:50;DEPORTES SPARTA – Problema conexión VPN FortiToken;Requerimiento;Servicio Interno;Colocation;Apoyo habilitacion cliente;ProvisionConectividadTI;Ivan.Ariste;CI1002031;RF470032
SD3461409;JUAN BARRERA RAMOS;Closure;Cerrado;2026-05-06 15:32:19;2026-05-10 17:16:04;TW Logistica I;Requerimiento;Servicio Interno;Colocation;Revision de conectividad;ProvisionConectividadTI;Ivan.Ariste;CI1002031;RF469903
SD3458327;SAMUEL PAREDES SAEZ;Closure;Cerrado;2026-05-05 19:24:40;2026-05-08 21:15:52;Validación ingreso de equipo – Regularización implementación RPDUs / Cliente Walmart B5;Requerimiento;Servicio Interno;Colocation;Apoyo habilitacion cliente;Plataforma T3 / Soporte Especializado;Victor.Covarrubias;CI1002031;RF469660
SD3458211;SAMUEL PAREDES SAEZ;Closure;Cerrado;2026-05-05 18:31:21;2026-05-09 20:15:28;Validación ingreso de equipo – 1602564 CLARO CHILE SPA / Colocation Rack Foraneo Sala Nodo C;Requerimiento;Servicio Interno;Colocation;Apoyo habilitacion cliente;Plataforma T3 / Soporte Especializado;Jonathan.Vargas;CI1002031;RF469641
SD3454477;SAMUEL PAREDES SAEZ;Closure;Cerrado;2026-05-04 15:37:26;2026-05-07 22:15:41;Solicitud Habilitar FortiToken (MFA) Grupo 5 (02-05-2026). Deportes Sparta;Requerimiento;Servicio Interno;Colocation;Apoyo habilitacion cliente;ProvisionConectividadTI;Ivan.Ariste;CI1002031;RF469154
SD3453896;SAMUEL PAREDES SAEZ;Closure;Cerrado;2026-05-04 12:51:38;2026-05-07 14:17:17;Solicitud validacion ejecucion respaldo VM ANDES SALUD;Requerimiento;Servicio Interno;Colocation;Apoyo habilitacion cliente;Torre Respaldos;Pablo.Zbinden;CI1002031;RF469059
SD3445718;JUAN BARRERA RAMOS;Closure;Cerrado;2026-04-30 16:48:55;2026-05-03 18:15:47;Servicio de Registro Civil e Identificacion;Requerimiento;Servicio Interno;Colocation;Revision de conectividad;Plataforma T3 / Soporte Especializado;Luz.Medina;CI1002031;RF468442
SD3445697;JUAN BARRERA RAMOS;Closure;Cerrado;2026-04-30 16:39:07;2026-05-07 15:16:28;TW Logistica I;Requerimiento;Servicio Interno;Colocation;Revision de conectividad;ProvisionConectividadTI;Ivan.Ariste;CI1002031;RF468439
SD3443306;JUAN BARRERA RAMOS;Closure;Cerrado;2026-04-29 20:56:41;2026-05-11 19:15:17;Documentacion//Registro Civil;Requerimiento;Servicio Interno;Colocation;Revision de conectividad;ProvisionConectividadTI;Ivan.Ariste;CI1002031;RF468242
SD3442789;JUAN BARRERA RAMOS;Closure;Cerrado;2026-04-29 17:57:57;2026-05-02 19:16:15;IM Quilpue// Creacion de Usuario Fortiportal;Requerimiento;Servicio Interno;Colocation;Revision de conectividad;Plataforma T3 / Soporte Especializado;elias.iriarte;CI1002031;RF468185
SD3439827;JUAN BARRERA RAMOS;Closure;Cerrado;2026-04-28 19:36:10;2026-05-02 18:15:53;IM QUILPUE / Creacion de Usuario Forti Portal;Requerimiento;Servicio Interno;Colocation;Revision de conectividad;ProvisionConectividadTI;Alejandro.Carrasco;CI1002031;RF467876
SD3439399;SAMUEL PAREDES SAEZ;Closure;Cerrado;2026-04-28 16:45:44;2026-05-02 18:15:50;Solicitud apoyo AYESA_METRO DRaaS /Validacion VPN usuario MNARVAEZ;Requerimiento;Servicio Interno;Colocation;Apoyo habilitacion cliente;ProvisionConectividadTI;Alejandro.Carrasco;CI1002031;RF467835
SD3439001;SAMUEL PAREDES SAEZ;Closure;Cerrado;2026-04-28 15:08:21;2026-05-02 18:15:45;Habilitación FortiToken (Grupo4  28-04) / Deportes Sparta 1590052;Requerimiento;Servicio Interno;Colocation;Apoyo habilitacion cliente;ProvisionConectividadTI;Alejandro.Carrasco;CI1002031;RF467809
SD3438738;SAMUEL PAREDES SAEZ;Trabajo en Progreso;Abierto;2026-04-28 14:04:13;NULL;Consulta. Capacidad Maquinas Virtuales / PY 1607672 / BIOMETRIA APLICADA SPA;Requerimiento;Servicio Interno;Colocation;Apoyo habilitacion cliente;ProvisionVirtualizacionTI;NULL;CI1002031;RF467792
SD3436814;JUAN BARRERA RAMOS;Closure;Cerrado;2026-04-27 20:23:48;2026-05-02 18:15:36;IM QUILPUE /Creacion Fortiportal;Requerimiento;Servicio Interno;Colocation;Revision de conectividad;ProvisionConectividadTI;Alejandro.Carrasco;CI1002031;RF467584
SD3436255;JUAN BARRERA RAMOS;Closure;Cerrado;2026-04-27 16:21:08;2026-05-02 18:15:29;IM Quilpue// Datos;Requerimiento;Servicio Interno;Colocation;Revision de conectividad;ProvisionConectividadTI;Alejandro.Carrasco;CI1002031;RF467495
SD3436175;SAMUEL PAREDES SAEZ;Closure;Cerrado;2026-04-27 15:53:09;2026-05-02 18:15:25;Habilitación FortiToken (Grupo 27-04) / Deportes Sparta 1590052;Requerimiento;Servicio Interno;Colocation;Apoyo habilitacion cliente;ProvisionConectividadTI;Alejandro.Carrasco;CI1002031;RF467484
SD3435709;SAMUEL PAREDES SAEZ;Closure;Cerrado;2026-04-27 13:54:20;2026-05-01 16:16:09;Apoyo técnico en sesión Migración Repositorio DCL / IM Quinta Normal – 1597369;Requerimiento;Servicio Interno;Colocation;Apoyo habilitacion cliente;ProvisionConectividadTI;Ivan.Ariste;CI1002031;RF467415
SD3419580;JUAN BARRERA RAMOS;Closure;Cerrado;2026-04-21 20:42:29;2026-04-24 21:17:10;IM QUILPUE /FMg, FAz y FortiPortal;Requerimiento;Servicio Interno;Colocation;Revision de conectividad;ProvisionConectividadTI;Ivan.Ariste;CI1002031;RF465928
SD3419549;SAMUEL PAREDES SAEZ;Closure;Cerrado;2026-04-21 20:32:08;2026-05-03 14:15:50;Solicitud Cruzada tipo 1 MMR a Sala Blanca// Py CLARO Solot 17610922/ EVERTEC, OC 99463;Requerimiento;Servicio Interno;Colocation;Apoyo habilitacion cliente;Servicio de Cableado;Enrique.Parra;CI1002031;RF465924
SD3419023;SAMUEL PAREDES SAEZ;Closure;Cerrado;2026-04-21 16:55:29;2026-04-26 16:16:33;Sparta – FortiToken /  Habilitar FortiToken (MFA)  10 usuarios;Requerimiento;Servicio Interno;Colocation;Apoyo habilitacion cliente;ProvisionConectividadTI;Alejandro.Carrasco;CI1002031;RF465851
SD3416216;SAMUEL PAREDES SAEZ;Closure;Cerrado;2026-04-20 17:37:48;2026-04-23 19:16:03;Reseteo cuenta inicial  FortiPortal – PY 1597369 – Ilustre Municipalidad de Quinta Normal;Requerimiento;Servicio Interno;Colocation;Apoyo habilitacion cliente;Plataforma T3 / Soporte Especializado;elias.iriarte;CI1002031;RF465502
SD3407850;SAMUEL PAREDES SAEZ;Cierre;Cerrado;2026-04-18 15:08:50;2026-04-19 06:00:41;Visita Data Center de SAMUEL PAREDES SAEZ;Visita Data Center;colocation;Colocation;Mantenimiento cliente;Servicio Colocation;Eugenio.Vargas;CI1002031;RF465063
SD3407903;SAMUEL PAREDES SAEZ;Cierre;Cerrado;2026-04-18 13:08:04;2026-04-19 06:41:09;Visita Data Center de SAMUEL PAREDES SAEZ;Visita Data Center;colocation;Colocation;Mantenimiento cliente;Servicio Colocation;Karen.Reyes;CI1002031;RF465040
SD3407648;SAMUEL PAREDES SAEZ;Closure;Cerrado;2026-04-17 15:26:21;2026-04-26 14:15:50; ID 1597350  Blanco Viajes,  activar Suscripción SUSE;Requerimiento;Servicio Interno;Colocation;Torre SAP;Torre SAP;Maikel.Majul;CI1002031;RF464829
SD3393463;SAMUEL PAREDES SAEZ;Cierre;Cerrado;2026-04-17 02:08:04;2026-04-19 06:01:39;Visita Data Center de SAMUEL PAREDES SAEZ;Visita Data Center;colocation;Colocation;Mantenimiento cliente;Servicio Colocation;Karen.Reyes;CI1002031;RF464706
SD3393459;SAMUEL PAREDES SAEZ;Cierre;Cerrado;2026-04-16 02:08:33;2026-04-18 08:05:34;Visita Data Center de SAMUEL PAREDES SAEZ;Visita Data Center;colocation;Colocation;Mantenimiento cliente;Servicio Colocation;Karen.Reyes;CI1002031;RF464356
SD3402024;JUAN BARRERA RAMOS;Closure;Cerrado;2026-04-15 20:03:55;2026-04-15 20:10:35;IM QUILPUE/EDR Configurar excklusiones;Requerimiento;Servicio Interno;Colocation;Revisión Virtualización;ProvisionVirtualizacionTI;Alejandro.Aguilar;CI1002031;RF464261
SD3401847;SAMUEL PAREDES SAEZ;Trabajo en Progreso;Abierto;2026-04-15 19:16:29;NULL;Activación suscripción y licencias SUSE / Windows – Blanco Viajes;Requerimiento;Servicio Interno;Colocation;Apoyo habilitacion cliente;ProvisionVirtualizacionTI;NULL;CI1002031;RF464239
SD3393454;SAMUEL PAREDES SAEZ;Cierre;Cerrado;2026-04-15 02:08:42;2026-04-18 08:03:15;Visita Data Center de SAMUEL PAREDES SAEZ;Visita Data Center;colocation;Colocation;Mantenimiento cliente;Servicio Colocation;Karen.Reyes;CI1002031;RF463946
SD3398908;JUAN BARRERA RAMOS;Closure;Cerrado;2026-04-14 20:54:24;2026-04-26 16:15:50;IM QUILPUE /Agrgar equipos a FMG, FAZ y Fortiportal;Requerimiento;Servicio Interno;Colocation;Revision de conectividad;ProvisionConectividadTI;Alejandro.Carrasco;CI1002031;RF463874
SD3398411;SAMUEL PAREDES SAEZ;Closure;Cerrado;2026-04-14 17:58:10;2026-04-24 20:16:09;Petición: Alta sitio en FMG / FAZ / FortiPortal – IM Quinta Normal;Requerimiento;Servicio Interno;Colocation;Apoyo habilitacion cliente;ProvisionConectividadTI;Ivan.Ariste;CI1002031;RF463783
SD3393439;SAMUEL PAREDES SAEZ;Cierre;Cerrado;2026-04-14 02:08:38;2026-04-18 08:01:46;Visita Data Center de SAMUEL PAREDES SAEZ;Visita Data Center;colocation;Colocation;Mantenimiento cliente;Servicio Colocation;Karen.Reyes;CI1002031;RF463529
SD3393522;SAMUEL PAREDES SAEZ;Closure;Cerrado;2026-04-13 12:52:58;2026-04-18 18:15:23;Solicitud informar link acceso FortiPortal – PY 1597369 – Ilustre Municipalidad de Quinta Normal;Requerimiento;Servicio Interno;Colocation;Apoyo habilitacion cliente;ProvisionConectividadTI;Alejandro.Carrasco;CI1002031;RF463212
SD3393424;SAMUEL PAREDES SAEZ;Cierre;Cerrado;2026-04-13 12:28:13;2026-04-18 08:00:26;Visita Data Center de SAMUEL PAREDES SAEZ;Visita Data Center;colocation;Colocation;Mantenimiento cliente;Servicio Colocation;Karen.Reyes;CI1002031;RF463203
SD3352612;SAMUEL PAREDES SAEZ;Cierre;Cerrado;2026-04-10 02:08:06;2026-04-11 05:12:23;Visita Data Center de SAMUEL PAREDES SAEZ;Visita Data Center;colocation;Colocation;Mantenimiento cliente;Servicio Colocation;Jordan.Munoz;CI1002031;RF462634
SD3377011;SAMUEL PAREDES SAEZ;Closure;Cerrado;2026-04-09 16:08:33;2026-04-24 20:16:02;TICKET – WEB FILTER (LABORATORIO) 1589612 – Deportes Sparta;Requerimiento;Servicio Interno;Colocation;Apoyo habilitacion cliente;ProvisionConectividadTI;Ivan.Ariste;CI1002031;RF462407
SD3376543;SAMUEL PAREDES SAEZ;Closure;Cerrado;2026-04-09 13:37:55;2026-04-25 20:15:14;TICKET – FORTITOKEN (LABORATORIO MFA VPN) / 1589612 – Deportes Sparta;Requerimiento;Servicio Interno;Colocation;Apoyo habilitacion cliente;ProvisionConectividadTI;Alejandro.Carrasco;CI1002031;RF462303
SD3375389;SAMUEL PAREDES SAEZ;Cierre;Cerrado;2026-04-09 01:38:13;2026-04-10 07:40:19;Visita Data Center de SAMUEL PAREDES SAEZ;Visita Data Center;colocation;Colocation;Mantenimiento cliente;Servicio Colocation;Jordan.Munoz;CI1002031;RF462148
SD3372956;SAMUEL PAREDES SAEZ;Closure;Cerrado;2026-04-08 18:50:36;2026-04-13 16:16:34;BLANCO VIAJES SPA // PY:1597350 // Habilitación acceso VPN a red interna;Requerimiento;Servicio Interno;Colocation;Apoyo habilitacion cliente;ProvisionConectividadTI;Alejandro.Carrasco;CI1002031;RF462021
SD3352551;SAMUEL PAREDES SAEZ;Cierre;Cerrado;2026-04-08 02:08:37;2026-04-10 07:38:51;Visita Data Center de SAMUEL PAREDES SAEZ;Visita Data Center;colocation;Colocation;Mantenimiento cliente;Servicio Colocation;Karen.Reyes;CI1002031;RF461789
SD3356035;JUAN BARRERA RAMOS;Closure;Cerrado;2026-04-07 23:38:40;2026-04-16 18:15:55;INNOVIT SPA / PUBLICAR IP POR MPLS;Requerimiento;Servicio Interno;Colocation;Revision de conectividad;ProvisionConectividadTI;Ivan.Ariste;CI1002031;RF461757
SD3355752;SAMUEL PAREDES SAEZ;Closure;Cerrado;2026-04-07 21:33:52;2026-04-13 16:16:20;Ticket: Eliminación dispositivo FortiManager – IM Quinta Normal;Requerimiento;Servicio Interno;Colocation;Apoyo habilitacion cliente;ProvisionConectividadTI;Alejandro.Carrasco;CI1002031;RF461728
SD3355309;SAMUEL PAREDES SAEZ;Closure;Cerrado;2026-04-07 18:42:27;2026-04-10 20:17:42;1597369 ILUSTRE MUNICIPALIDAD DE QUINTA NORMAL // Crear usuario Fortiortal;Requerimiento;Servicio Interno;Colocation;Apoyo habilitacion cliente;Plataforma T3 / Soporte Especializado;Luz.Medina;CI1002031;RF461653
SD3352524;SAMUEL PAREDES SAEZ;Cierre;Cerrado;2026-04-07 02:08:19;2026-04-09 08:09:20;Visita Data Center de SAMUEL PAREDES SAEZ;Visita Data Center;colocation;Colocation;Mantenimiento cliente;Servicio Colocation;Karen.Reyes;CI1002031;RF461396
SD3352600;JUAN BARRERA RAMOS;Closure;Cerrado;2026-04-06 20:01:05;2026-04-07 01:14:34;IM QUILPUE /EDR;Requerimiento;Servicio Interno;Colocation;Revisión Virtualización;ProvisionVirtualizacionTI;Alejandro.Aguilar;CI1002031;RF461314
SD3351802;SAMUEL PAREDES SAEZ;Cierre;Cerrado;2026-04-06 14:53:48;2026-04-06 18:53:05;Solicitud  Acceso a DC Liray, sala  B3 Rack AH20. de FEM24.    W15  /SM Error rut.;Visita Data Center;colocation;Colocation;Mantenimiento cliente;Servicio Colocation;Karen.Reyes;CI1002031;RF461196
SD3351461;SAMUEL PAREDES SAEZ;Cierre;Cerrado;2026-04-06 13:29:02;2026-04-08 05:51:04;Visita Data Center de SAMUEL PAREDES SAEZ;Visita Data Center;colocation;Colocation;Mantenimiento cliente;Servicio Colocation;Karen.Reyes;CI1002031;RF461149
SD3336177;SAMUEL PAREDES SAEZ;Closure;Cerrado;2026-04-02 17:48:10;2026-04-10 20:16:28;Error usuarios VPN SSL.- BLANCO VIAJES SPA  PY:1597350;Requerimiento;Servicio Interno;Colocation;Apoyo habilitacion cliente;ProvisionConectividadTI;Alejandro.Carrasco;CI1002031;RF460562
SD3333668;JUAN BARRERA RAMOS;Cierre;Cerrado;2026-04-02 00:08:59;NULL;Visita Data Center de JUAN BARRERA RAMOS;Visita Data Center;colocation;Colocation;Ingreso de equipos;Servicio Colocation;Eugenio.Vargas;CI1002031;RF460327
SD3332546;JUAN BARRERA RAMOS;Closure;Cerrado;2026-04-01 12:07:04;2026-04-05 16:15:52;Apoyo Full Conectados;Requerimiento;Cableado Estructurado;Colocation;Ordenamiento de Cableado;Servicio de Cableado;Enrique.Parra;CI1002031;RF460059
SD3326836;JUAN BARRERA RAMOS;Closure;Cerrado;2026-04-01 03:24:33;2026-04-05 17:16:23;02/04 - 10:00 | B3 - AI17 | INSTALACIÓN DE ATS | GSI-CAT-0002 - FICHA COLOCATION -FULL CONECTADOS.xlsx;Requerimiento;Colocation;Colocation;Acompañamiento ingreso / egreso de equipos;Servicio Colocation;Jordan.Munoz;CI1002031;RF459973
SD3331369;JUAN BARRERA RAMOS;Cierre;Cerrado;2026-04-01 00:38:30;2026-04-02 04:53:16;Visita Data Center de JUAN BARRERA RAMOS;Visita Data Center;colocation;Colocation;Ingreso de equipos;Servicio Colocation;Guillermo.Vega;CI1002031;RF459951
SD3331056;JUAN BARRERA RAMOS;Closure;Cerrado;2026-03-31 20:28:50;2026-04-04 05:15:45;FullConectados/Instalacion ATS;Requerimiento;Colocation;Colocation;Acompañamiento ingreso / egreso de equipos;Soporte N1 Operaciones;Guillermo.Vega;CI1002031;RF459896
SD3329696;JUAN BARRERA RAMOS;Closure;Cerrado;2026-03-31 12:12:35;2026-04-03 14:17:09;Manos Remotas RAck AR09;Requerimiento;Cableado Estructurado;Colocation;Conexión de Cable UTP/FO;Servicio de Cableado;Enrique.Parra;CI1002031;RF459693
SD3327727;JUAN BARRERA RAMOS;Closure;Cerrado;2026-03-30 19:45:28;2026-04-02 20:18:47;Manos Remotas RAck AR09;Requerimiento;Colocation;Colocation;Conexion y desconexion de puertos;Soporte N1 Operaciones;Jordan.Munoz;CI1002031;RF459517
SD3327666;JUAN BARRERA RAMOS;Closure;Cerrado;2026-03-30 19:19:56;2026-04-02 20:18:42;Manos Remotas RAck AR09;Requerimiento;Colocation;Colocation;Conexion y desconexion de puertos;Soporte N1 Operaciones;Uriel.Valdes;CI1002031;RF459505
SD3327683;JUAN BARRERA RAMOS;Closure;Cerrado;2026-03-30 19:17:33;2026-04-05 16:15:39;INNOVIT SPA/Publicacion de IP;Requerimiento;Servicio Interno;Colocation;Revision de conectividad;ProvisionConectividadTI;Ivan.Ariste;CI1002031;RF459504
SD3326836;JUAN BARRERA RAMOS;Closure;Cerrado;2026-03-30 14:50:07;2026-04-05 19:15:56;01-04 // B3 10:00 AI17 // Open Dcim Carga de equipos // GSI-CAT-0002 - FICHA COLOCATION -FULL CONECTADOS.xlsx;Requerimiento;Colocation;Colocation;Carga de equipos;Servicio Colocation;Sergio.Adasme;CI1002031;RF459413
SD3326836;JUAN BARRERA RAMOS;Closure;Cerrado;2026-03-30 14:49:12;2026-04-03 14:16:38;GSI-CAT-0002 - FICHA COLOCATION -FULL CONECTADOS.xlsx;Requerimiento;Cableado Estructurado;Colocation;Supervisión de Instalación de Cableado;Servicio de Cableado;Enrique.Parra;CI1002031;RF459412
SD3326836;JUAN BARRERA RAMOS;Closure;Cerrado;2026-03-30 14:46:06;2026-04-05 17:15:52;02-04 // B3 10:00 AI17 // GSI-CAT-0002 - FICHA COLOCATION -FULL CONECTADOS.xlsx;Requerimiento;Colocation;Colocation;Acompañamiento ingreso / egreso de equipos;Servicio Colocation;Jordan.Munoz;CI1002031;RF459409
SD3326836;JUAN BARRERA RAMOS;Closure;Cerrado;2026-03-30 14:44:47;2026-04-02 20:18:07;GSI-CAT-0002 - FICHA COLOCATION -FULL CONECTADOS.xlsx;Requerimiento;Colocation;Colocation;Ingreso y egreso de equipos;Operaciones Infraestructura;Jorge.Morales;CI1002031;RF459408
SD3325553;JUAN BARRERA RAMOS;Cierre;Cerrado;2026-03-30 03:33:59;2026-03-30 09:35:07;Visita Data Center de JUAN BARRERA RAMOS;Visita Data Center;colocation;Colocation;Mantenimiento cliente;Servicio Colocation;Cipriano.Mendez;CI1002031;RF459215
SD3317085;JUAN BARRERA RAMOS;Cierre;Cerrado;2026-03-27 13:58:06;2026-03-28 06:18:59;Visita Data Center de JUAN BARRERA RAMOS;Visita Data Center;colocation;Colocation;Mantenimiento cliente;Servicio Colocation;Ignacio.Osorio;CI1002031;RF458716
SD3311723;JUAN BARRERA RAMOS;Closure;Cerrado;2026-03-25 18:20:03;2026-04-03 19:15:03;Universidad de Valparaiso/ Habilitar FM y FAZ;Requerimiento;Servicio Interno;Colocation;Revision de conectividad;ProvisionConectividadTI;Alejandro.Carrasco;CI1002031;RF458121
SD3309441;JUAN BARRERA RAMOS;Closure;Cerrado;2026-03-25 00:30:44;2026-03-28 15:16:43;INNOVIT SPA/Publicacion de segmentos;Requerimiento;Servicio Interno;Colocation;Revision de conectividad;ProvisionConectividadTI;Ivan.Ariste;CI1002031;RF457873
SD3296812;JUAN BARRERA RAMOS;Closure;Cerrado;2026-03-20 15:19:51;2026-03-25 14:59:22;IM QUILPUE /EDR;Requerimiento;Servicio Interno;Colocation;Revisión Virtualización;ProvisionVirtualizacionTI;Alejandro.Aguilar;CI1002031;RF456819
SD3278272;SAMUEL PAREDES SAEZ;Cierre;Cerrado;2026-03-20 01:07:26;2026-03-21 01:20:49;Visita Data Center de SAMUEL PAREDES SAEZ;Visita Data Center;colocation;Colocation;Mantenimiento cliente;Servicio Colocation;Karen.Reyes;CI1002031;RF456660
SD3294181;JUAN BARRERA RAMOS;Closure;Cerrado;2026-03-19 19:58:34;2026-03-28 20:16:04;IM Quinta Normal /Fortiportal;Requerimiento;Servicio Interno;Colocation;Revision de conectividad;ProvisionConectividadTI;Alejandro.Carrasco;CI1002031;RF456590
SD3293846;JUAN BARRERA RAMOS;Closure;Cerrado;2026-03-19 17:38:59;2026-03-23 12:33:04;Quinta Normal /Portal Cautivo;Requerimiento;Servicio Interno;Colocation;Revision de conectividad;ProvisionConectividadTI;Ivan.Ariste;CI1002031;RF456534
SD3293345;JUAN BARRERA RAMOS;Closure;Cerrado;2026-03-19 13:57:48;2026-03-23 12:30:32;IM QUILPUE /SDWAN;Requerimiento;Servicio Interno;Colocation;Revision de conectividad;ProvisionConectividadTI;Ivan.Ariste;CI1002031;RF456466
SD3278255;SAMUEL PAREDES SAEZ;Cierre;Cerrado;2026-03-19 01:07:30;2026-03-23 04:59:10;Visita Data Center de SAMUEL PAREDES SAEZ;Visita Data Center;colocation;Colocation;Mantenimiento cliente;Servicio Colocation;Karen.Reyes;CI1002031;RF456331
SD3278229;SAMUEL PAREDES SAEZ;Cierre;Cerrado;2026-03-18 01:07:14;2026-03-19 02:14:01;Visita Data Center de SAMUEL PAREDES SAEZ;Visita Data Center;colocation;Colocation;Mantenimiento cliente;Servicio Colocation;Karen.Reyes;CI1002031;RF455991
SD3278188;SAMUEL PAREDES SAEZ;Closure;Cerrado;2026-03-17 18:56:13;2026-03-26 19:15:57;16-03 // Nodo C 20:00 B5110AH08 // Colocation Reprogramación Egr / Ingr Servidor Rack B5110AH08;Requerimiento;Colocation;Rack;Carga de equipos;Soporte Intac- Dcim;Sebastian.Valenzuela;CI2533847;RF455861
SD3287025;JUAN BARRERA RAMOS;Closure;Cerrado;2026-03-17 18:24:15;2026-03-23 12:05:08;IM QUILPUE /SDWAN;Requerimiento;Servicio Interno;Colocation;Revision de conectividad;ProvisionConectividadTI;Ivan.Ariste;CI1002031;RF455850
SD3278151;SAMUEL PAREDES SAEZ;Cierre;Cerrado;2026-03-17 01:07:58;2026-03-18 10:10:14;Visita Data Center de SAMUEL PAREDES SAEZ;Visita Data Center;colocation;Colocation;Mantenimiento cliente;Servicio Colocation;Karen.Reyes;CI1002031;RF455620
SD3278188;SAMUEL PAREDES SAEZ;Closure;Cerrado;2026-03-16 14:40:53;2026-03-20 13:15:25;Colocation Reprogramación Egr / Ingr Servidor Rack B5110AH08;Requerimiento;Cableado Estructurado;Rack;Supervisión de Instalación de Cableado;Servicio de Cableado;Enrique.Parra;CI2533847;RF455410
SD3278188;SAMUEL PAREDES SAEZ;Closure;Cerrado;2026-03-16 14:39:36;2026-03-23 11:58:15;16-03 // Nodo C 20:00 B5110AH08 // Colocation Reprogramación Egr / Ingr Servidor Rack B5110AH08;Requerimiento;Colocation;Rack;Carga de equipos;Servicio Colocation;Sergio.Adasme;CI2533847;RF455408
SD3278188;SAMUEL PAREDES SAEZ;Closure;Cerrado;2026-03-16 14:37:43;2026-03-20 06:15:19;16-03 // Nodo C 20:00 B5110AH08 // Colocation Reprogramación Egr / Ingr Servidor Rack B5110AH08;Requerimiento;Colocation;Rack;Acompañamiento ingreso / egreso de equipos;Servicio Colocation;Cipriano.Mendez;CI2533847;RF455407
SD3278188;SAMUEL PAREDES SAEZ;Closure;Cerrado;2026-03-16 13:49:51;2026-03-19 18:17:12;Colocation Reprogramación Egr / Ingr Servidor Rack B5110AH08;Requerimiento;Colocation;Rack;Ingreso y egreso de equipos;Operaciones Infraestructura;Jorge.Morales;CI2533847;RF455377
SD3278095;SAMUEL PAREDES SAEZ;Cierre;Cerrado;2026-03-16 13:27:02;2026-03-17 06:56:20;Visita Data Center de SAMUEL PAREDES SAEZ;Visita Data Center;colocation;Colocation;Mantenimiento cliente;Servicio Colocation;Karen.Reyes;CI1002031;RF455363
SD3270843;JUAN BARRERA RAMOS;Closure;Cerrado;2026-03-13 16:43:17;2026-03-16 18:16:33;Manos remotas SENAPRED B3204AR09;Requerimiento;Colocation;Colocation;Conexion y desconexion de puertos;Soporte N1 Operaciones;Eduardo.Godoy;CI1002031;RF454883
SD3270493;JUAN BARRERA RAMOS;Closure;Cerrado;2026-03-13 14:26:21;2026-03-16 15:16:20;Full Conectados SPA Asignacion de IPs Publicas;Requerimiento;Servicio Interno;Colocation;Revision de conectividad;Plataforma T3 / Soporte Especializado;Luz.Medina;CI1002031;RF454841
SD3270111;JUAN BARRERA RAMOS;Closure;Cerrado;2026-03-13 12:46:26;2026-03-19 05:15:22;VPN Senapred;Requerimiento;Servicio Interno;Colocation;Revision de conectividad;ProvisionConectividadTI;Alejandro.Carrasco;CI1002031;RF454790
SD3268228;JUAN BARRERA RAMOS;Closure;Cerrado;2026-03-12 18:29:08;2026-03-16 12:15:47;Manos remotas SENAPRED B3204AR09;Requerimiento;Cableado Estructurado;Colocation;Conexión de Cable UTP/FO;Servicio de Cableado;Marcelo.Martinez;CI1002031;RF454592
SD3267337;JUAN BARRERA RAMOS;Closure;Cerrado;2026-03-12 12:56:56;2026-03-19 05:15:17;Documentacion/Recurso MPLS Senapred;Requerimiento;Servicio Interno;Colocation;Revision de conectividad;ProvisionConectividadTI;Alejandro.Carrasco;CI1002031;RF454464
SD3267317;JUAN BARRERA RAMOS;Closure;Cerrado;2026-03-12 12:49:14;2026-03-19 05:15:12;Documentacion SENAPRED/ Mover Default gateway;Requerimiento;Servicio Interno;Colocation;Revision de conectividad;ProvisionConectividadTI;Alejandro.Carrasco;CI1002031;RF454462
SD3265669;SAMUEL PAREDES SAEZ;Closure;Cerrado;2026-03-11 19:27:41;2026-03-15 18:16:23;Atención urgente – Fibras ópticas dañadas entre racks B5110AH08 (Proyecto MAE BACK UP – Sala Nodo C);Requerimiento;Servicio Interno;Colocation;Apoyo habilitacion cliente;Servicio de Cableado;Enrique.Parra;CI1002031;RF454258
SD3264976;SAMUEL PAREDES SAEZ;Closure;Cerrado;2026-03-11 14:59:24;2026-04-26 14:15:41;Activación VM SAP HANA – Appliance_SAP_HANA | Proyecto 1597350 Blanco Viajes;Requerimiento;Servicio Interno;Colocation;Apoyo habilitacion cliente;Torre SAP;Maikel.Majul;CI1002031;RF454153
SD3263485;SAMUEL PAREDES SAEZ;Cierre;Cerrado;2026-03-11 01:07:13;2026-03-12 01:18:45;Visita Data Center de SAMUEL PAREDES SAEZ;Visita Data Center;colocation;Colocation;Mantenimiento cliente;Servicio Colocation;Ignacio.Osorio;CI1002031;RF453980
SD3262727;SAMUEL PAREDES SAEZ;Trabajo en Progreso;Asignado a Grupo Resolutor;2026-03-10 18:50:51;NULL;Creación VMs SAP Business One 10 – VDC_BLANCO_VIAJES_SPA_SAP | Proyecto 1597350;Requerimiento;Servicio Interno;Colocation;Apoyo habilitacion cliente;Lideres Tecnicos;Alejandro.Lavin;CI1002031;RF453910
SD3262277;SAMUEL PAREDES SAEZ;Closure;Cerrado;2026-03-10 16:20:04;2026-03-13 17:16:18; ID 1597350 | Blanco Viajes | Creación nuevo vDC SAP HANA;Requerimiento;Servicio Interno;Colocation;Torre Virtualizacion;Torre Virtualización;Felipe.Chavez;CI1002031;RF453841
SD3261590;SAMUEL PAREDES SAEZ;Closure;Cerrado;2026-03-10 12:56:23;2026-03-15 13:15:45;11-03 // Nodo C 20:00 B5110AH08 // VDC Dcim Carga de equipos // Colocation Reprogramación Egr / Ingr Servidor Rack B5110AH08;Requerimiento;Colocation;Rack;Carga de equipos;Servicio Colocation;Sergio.Adasme;CI2533847;RF453735
SD3261590;SAMUEL PAREDES SAEZ;Closure;Cerrado;2026-03-10 12:54:50;2026-03-14 19:16:09;Colocation Reprogramación Egr / Ingr Servidor Rack B5110AH08;Requerimiento;Cableado Estructurado;Colocation;Supervisión de Instalación de Cableado;Servicio de Cableado;Enrique.Parra;CI1002031;RF453733
SD3261621;SAMUEL PAREDES SAEZ;Closure;Cerrado;2026-03-10 12:51:24;2026-03-15 12:15:41;Informativo – Reemplazo de Servidor Rack Foráneo B5110AH08 – Proyecto MAE BACK UP;Requerimiento;Servicio Interno;Colocation;Apoyo habilitacion cliente;Plataforma T3 / Soporte Especializado;Iche.Chen;CI1002031;RF453731
SD3261590;SAMUEL PAREDES SAEZ;Closure;Cerrado;2026-03-10 12:49:58;2026-03-15 02:15:23;11-03 // Nodo C 20:00 B5110AH08 // Colocation Reprogramación Egr / Ingr Servidor Rack B5110AH08;Requerimiento;Colocation;Rack;Acompañamiento ingreso / egreso de equipos;Servicio Colocation;Ignacio.Osorio;CI2533847;RF453730
SD3261590;SAMUEL PAREDES SAEZ;Closure;Cerrado;2026-03-10 12:44:02;2026-03-13 18:15:32;Colocation Reprogramación Egr / Ingr Servidor Rack B5110AH08;Requerimiento;Colocation;Colocation;Ingreso y egreso de equipos;Operaciones Infraestructura;Gabriel.Salazar;CI1002031;RF453727
SD3252545;SAMUEL PAREDES SAEZ;Cierre;Cerrado;2026-03-10 01:07:34;2026-03-14 04:51:06;Visita Data Center de SAMUEL PAREDES SAEZ;Visita Data Center;colocation;Colocation;Mantenimiento cliente;Soporte N1 Operaciones;Guillermo.Vega;CI1002031;RF453602
SD3252244;SAMUEL PAREDES SAEZ;Closure;Cerrado;2026-03-06 14:54:10;2026-03-13 13:15:48;10-03 // Sala Nodo C 10:00 B5110AH08 // VDC Dcim Carga de equipos // Colocation – Egreso / Ingreso Servidor Rack B5110AH08 UR1–2;Requerimiento;Colocation;Rack;Carga de equipos;Servicio Colocation;Karen.Reyes;CI2533847;RF452801
SD3252244;SAMUEL PAREDES SAEZ;Closure;Cerrado;2026-03-06 14:53:15;2026-03-09 18:15:43;Colocation – Egreso / Ingreso Servidor Rack B5110AH08 UR1–2;Requerimiento;Cableado Estructurado;Rack;Supervisión de Instalación de Cableado;Servicio de Cableado;Enrique.Parra;CI2533847;RF452800
SD3252244;SAMUEL PAREDES SAEZ;Closure;Cerrado;2026-03-06 14:51:49;2026-03-13 13:15:42;10-03 // Sala Nodo C 10:00 B5110AH08 // Colocation – Egreso / Ingreso Servidor Rack B5110AH08 UR1–2;Requerimiento;Colocation;Colocation;Acompañamiento ingreso / egreso de equipos;Servicio Colocation;Karen.Reyes;CI1002031;RF452798
SD3252244;SAMUEL PAREDES SAEZ;Closure;Cerrado;2026-03-06 14:41:22;2026-03-12 14:16:29;Colocation – Egreso / Ingreso Servidor Rack B5110AH08 UR1–2;Requerimiento;Colocation;Rack;Ingreso y egreso de equipos;Operaciones Infraestructura;Gabriel.Salazar;CI2533847;RF452795
SD3252176;SAMUEL PAREDES SAEZ;Closure;Cerrado;2026-03-06 14:29:35;2026-03-13 13:15:36;Ejecución Cruzadas FO y UTP entre Racks B5110AH08 – B5110AI08 – Proyecto MAE BACK UP  Petición:;Requerimiento;Cableado Estructurado;Colocation;Tendido de Fibra Óptica;Servicio de Cableado;Marcelo.Martinez;CI1002031;RF452790
SD3251909;JUAN BARRERA RAMOS;Cierre;Cerrado;2026-03-06 13:04:50;2026-03-06 19:28:18;Visita Data Center de JUAN BARRERA RAMOS;Visita Data Center;colocation;Colocation;Mantenimiento cliente;Servicio Colocation;Karen.Reyes;CI1002031;RF452758
SD3243369;SAMUEL PAREDES SAEZ;Closure;Cerrado;2026-03-04 19:52:09;2026-03-13 19:15:51;10-03 // Sala Nodo C 10:00 Energización B5110AH08 // Proyecto MAE Backup Huawei;Requerimiento;Colocation;Colocation;Acompañamiento ingreso / egreso de equipos;Servicio Colocation;Uriel.Valdes;CI1002031;RF452207
SD3243369;SAMUEL PAREDES SAEZ;Closure;Cerrado;2026-03-04 19:37:23;2026-03-09 14:02:37;Energización Nodo C – B5110AH08, Proyecto MAE Backup Huawei;Requerimiento;Colocation;Colocation;Energizacion de Equipos;Operaciones Infraestructura;Gabriel.Salazar;CI1002031;RF452200
SD3243037;JUAN BARRERA RAMOS;Closure;Cerrado;2026-03-04 17:36:45;2026-03-08 15:16:17;04-03 // B3 16:00 AR09 // Energizacion de Equipos;Requerimiento;Colocation;Colocation;Carga de equipos;Servicio Colocation;Sergio.Adasme;CI1002031;RF452121
SD3243037;JUAN BARRERA RAMOS;Closure;Cerrado;2026-03-04 17:34:53;2026-03-07 22:16:10;04-03 // B3 16:00 AR09 // Energizacion de Equipos;Requerimiento;Colocation;Colocation;Acompañamiento ingreso / egreso de equipos;Servicio Colocation;Cipriano.Mendez;CI1002031;RF452119
SD3243037;JUAN BARRERA RAMOS;Closure;Cerrado;2026-03-04 17:07:19;2026-03-08 15:16:10;Energizacion de Equipos;Requerimiento;Colocation;Colocation;Energizacion de Equipos;Servicio Colocation;Sergio.Adasme;CI1002031;RF452111
SD3242283;JUAN BARRERA RAMOS;Cierre;Cerrado;2026-03-04 12:34:10;2026-03-05 04:10:02;Visita Data Center de JUAN BARRERA RAMOS;Visita Data Center;colocation;Colocation;Mantenimiento cliente;Soporte N1 Operaciones;Karen.Reyes;CI1002031;RF451993
SD3240160;JUAN BARRERA RAMOS;Closure;Cerrado;2026-03-03 19:59:17;2026-03-08 15:15:53;Senapred / Vlan ADM Liray;Requerimiento;Servicio Interno;Colocation;Revision de conectividad;Plataforma T3 / Soporte Especializado;Victor.Covarrubias;CI1002031;RF451797
SD3240141;JUAN BARRERA RAMOS;Closure;Cerrado;2026-03-03 19:52:11;2026-03-07 13:15:51;SENAPRED Asignacion de Puertos;Requerimiento;Servicio Interno;Colocation;Revision de conectividad;Plataforma T3 / Soporte Especializado;Claudio.Rogel;CI1002031;RF451795
SD3240121;JUAN BARRERA RAMOS;Closure;Cerrado;2026-03-03 19:46:57;2026-03-06 22:16:03;Validacion para Ingreso de Equipos Senapred;Requerimiento;Servicio Interno;Colocation;Validación para ingreso de equipo;Plataforma T3 / Soporte Especializado;Victor.Covarrubias;CI1002031;RF451794
SD3239715;JUAN BARRERA RAMOS;Closure;Cerrado;2026-03-03 18:26:09;2026-03-06 19:16:12;INNOVIT/ Creacin de nuevo usuario VPN;Requerimiento;Servicio Interno;Colocation;Revision de conectividad;ProvisionConectividadTI;Ivan.Ariste;CI1002031;RF451766
SD3236749;JUAN BARRERA RAMOS;Closure;Cerrado;2026-03-02 19:29:02;2026-03-06 16:16:23;SUPERVISION DE CABLEADO EN RACK  validación Infraestructura SENAPRED;Requerimiento;Cableado Estructurado;Colocation;Supervisión de Instalación de Cableado;Servicio de Cableado;Marcelo.Martinez;CI1002031;RF451472
SD3236749;JUAN BARRERA RAMOS;Closure;Cerrado;2026-03-02 19:27:49;2026-03-08 16:15:15;04-03-2026--CARGA EQUIPOS DCIM  validación Infraestructura SENAPRED;Requerimiento;Colocation;Colocation;Carga de equipos;Servicio Colocation;Sergio.Adasme;CI1002031;RF451471
SD3236749;JUAN BARRERA RAMOS;Closure;Cerrado;2026-03-02 19:26:35;2026-03-07 02:15:50;validación Infraestructura SENAPRED;Requerimiento;Colocation;Colocation;Ingreso y egreso de equipos;Operaciones Infraestructura;Gabriel.Salazar;CI1002031;RF451470
SD3236749;JUAN BARRERA RAMOS;Closure;Cerrado;2026-03-02 19:23:21;2026-03-07 19:15:46;04-03 // B3 10:00 AR09 // validación Infraestructura SENAPRED;Requerimiento;Colocation;Colocation;Acompañamiento ingreso / egreso de equipos;Servicio Colocation;Jordan.Munoz;CI1002031;RF451467
SD3236586;JUAN BARRERA RAMOS;Closure;Cerrado;2026-03-02 18:20:56;2026-03-07 17:15:16;SOCIEDAD COMERCIALIZADORA DBS SPA / ID 1598648;Requerimiento;Servicio Interno;Colocation;Revisión Virtualización;SOC Empresas;Carlos.Solar;CI1002031;RF451445
SD3235798;JUAN BARRERA RAMOS;Closure;Cerrado;2026-03-02 14:27:21;2026-03-05 15:16:48;FULLCONECTADO SPA;Requerimiento;Servicio Interno;Colocation;Revision de conectividad;Plataforma T3 / Soporte Especializado;Luz.Medina;CI1002031;RF451359
SD3235705;JUAN BARRERA RAMOS;Closure;Cerrado;2026-03-02 13:58:56;2026-03-05 18:16:29;Full Conectado SPA;Requerimiento;Servicio Interno;Colocation;Revision de conectividad;Plataforma T3 / Soporte Especializado;Claudio.Rogel;CI1002031;RF451344
SD3229184;JUAN BARRERA RAMOS;Closure;Cerrado;2026-02-27 18:00:03;2026-03-02 20:16:12;FULL CONECTADO PUERTAs 2k;Requerimiento;Servicio Interno;Colocation;Revision de conectividad;Plataforma T3 / Soporte Especializado;Luz.Medina;CI1002031;RF450879
SD3229110;SAMUEL PAREDES SAEZ;Closure;Cerrado;2026-02-27 17:10:47;2026-03-05 13:15:19;PY 1597350 | Blanco Viajes SPA | agregar nueva  LAN 192.168.101.0/24 + cvVertical SAP HANA en VDOM;Requerimiento;Servicio Interno;Colocation;Apoyo habilitacion cliente;ProvisionConectividadTI;Ivan.Ariste;CI1002031;RF450866
SD3228359;JUAN BARRERA RAMOS;Cierre;Cerrado;2026-02-27 12:04:10;2026-03-01 05:00:49;Visita Data Center de JUAN BARRERA RAMOS;Visita Data Center;colocation;Colocation;Ingreso de rack;Servicio Colocation;Sergio.Adasme;CI1002031;RF450775
SD3226220;JUAN BARRERA RAMOS;Closure;Cerrado;2026-02-26 14:43:12;2026-03-05 21:15:43;Full Conectado Solicitud de Documentacion;Requerimiento;Servicio Interno;Colocation;Revision de conectividad;ProvisionConectividadTI;Ivan.Ariste;CI1002031;RF450585
SD3225746;SAMUEL PAREDES SAEZ;Closure;Cerrado;2026-02-26 12:23:58;2026-03-07 18:15:39;Solicitud creación de Port Group en SAP HANA, Blanco Viajes SPA py 1597350;Requerimiento;Servicio Interno;Colocation;Apoyo habilitacion cliente;Torre Virtualización;Sebastian.Panes;CI1002031;RF450533
SD3223524;JUAN BARRERA RAMOS;Closure;Cerrado;2026-02-25 19:28:19;2026-03-01 18:15:31;GSI-CAT-0002 - FICHA COLOCATION -SENAPRED DCL 25022026.xlsx;Requerimiento;Cableado Estructurado;Colocation;Supervisión de Instalación de Cableado;Servicio de Cableado;Enrique.Parra;CI1002031;RF450374
SD3223524;JUAN BARRERA RAMOS;Closure;Cerrado;2026-02-25 19:26:18;2026-03-08 14:15:36;27-02//OpenDCIM | Carga de equipos | GSI-CAT-0002 - FICHA COLOCATION -SENAPRED DCL 25022026.xlsx;Requerimiento;Servicio Interno;Colocation;Carga de equipos;Servicio Colocation;Sergio.Adasme;CI1002031;RF450373
SD3223524;JUAN BARRERA RAMOS;Closure;Cerrado;2026-02-25 19:19:29;2026-03-02 16:15:55;27-02 | AR09 | GSI-CAT-0002 - FICHA COLOCATION -SENAPRED DCL 25022026.xlsx;Requerimiento;Colocation;Colocation;Acompañamiento ingreso / egreso de equipos;Soporte N1 Operaciones;Ignacio.Osorio;CI1002031;RF450372
SD3223524;JUAN BARRERA RAMOS;Closure;Cerrado;2026-02-25 19:14:28;2026-03-01 14:15:30;GSI-CAT-0002 - FICHA COLOCATION -SENAPRED DCL 25022026.xlsx;Requerimiento;Colocation;Colocation;Ingreso de Equipos;Operaciones Infraestructura;Jorge.Morales;CI1002031;RF450371
SD3219459;SAMUEL PAREDES SAEZ;Closure;Cerrado;2026-02-24 19:10:03;2026-02-28 20:15:56; ID 1597350 | Blanco Viajes | Nueva LAN 192.168.101.0/24 + cvVertical SAP HANA;Requerimiento;Servicio Interno;Colocation;Apoyo habilitacion cliente;ProvisionConectividadTI;Ivan.Ariste;CI1002031;RF450064
SD3219048;SAMUEL PAREDES SAEZ;Closure;Cerrado;2026-02-24 16:09:12;2026-02-28 20:15:53;Validación red 192.168.101.0/24 en VDOM – Proyecto Blanco Viajes SAP;Requerimiento;Servicio Interno;Colocation;Apoyo habilitacion cliente;ProvisionConectividadTI;Ivan.Ariste;CI1002031;RF450015
SD3213286;SAMUEL PAREDES SAEZ;Closure;Cerrado;2026-02-23 15:14:12;2026-02-27 12:00:40;Validación CI no modelados en CMDB – Servicio Padre 11-00-000000037;Requerimiento;Servicio Interno;Colocation;Apoyo habilitacion cliente;Gestion de Configuraciones;Saul.Salazar;CI1002031;RF449675
SD3203769;SAMUEL PAREDES SAEZ;Trabajo en Progreso;Abierto;2026-02-20 01:22:15;NULL;Reprovisión VM Servdbimqn – Cambio SO a Windows Server 2025;Requerimiento;Servicio Interno;Colocation;Apoyo habilitacion cliente;ProvisionVirtualizacionTI;NULL;CI1002031;RF448998
SD3202126;SAMUEL PAREDES SAEZ;Closure;Cerrado;2026-02-19 14:53:21;2026-02-26 17:15:38;Solicitud NIP y PDT – RFC CAB 24/02/2026 // I. Municipalidad de La Florida;Requerimiento;Servicio Interno;Colocation;Apoyo habilitacion cliente;ProvisionConectividadTI;Alejandro.Carrasco;CI1002031;RF448859
SD3199553;SAMUEL PAREDES SAEZ;Closure;Cerrado;2026-02-18 22:05:26;2026-02-22 13:15:09;Solicitud – Paso de VLAN en Switches Core y Acceso plataforma DRaaS // I. Municipalidad de La Florid;Requerimiento;Servicio Interno;Colocation;Apoyo habilitacion cliente;Plataforma T3 / Soporte Especializado;Luz.Medina;CI1002031;RF448684
SD3198462;SAMUEL PAREDES SAEZ;Solicitud de Ticket;Abierto;2026-02-18 15:33:03;NULL;Solicitud  validacion recursos asignados por VM – PY 1557579 | I. Municipalidad de La Florida;Requerimiento;Servicio Interno;Colocation;Apoyo habilitacion cliente;ProvisionVirtualizacionTI;NULL;CI1002031;RF448589
SD3197874;SAMUEL PAREDES SAEZ;Solicitud de Ticket;Abierto;2026-02-18 12:21:50;NULL;Solicitud apoyo, Consulta IP y VLAN VM Kronos  | PY 1557579 I Municipalidad de la Florida;Requerimiento;Servicio Interno;Colocation;Apoyo habilitacion cliente;ProvisionVirtualizacionTI;NULL;CI1002031;RF448509
SD3194191;SAMUEL PAREDES SAEZ;Cierre;Cerrado;2026-02-18 00:08:31;2026-02-19 05:35:55;Visita Data Center de SAMUEL PAREDES SAEZ;Visita Data Center;colocation;Colocation;Mantenimiento cliente;Servicio Colocation;Ignacio.Osorio;CI1002031;RF448413
SD3196181;SAMUEL PAREDES SAEZ;Closure;Cerrado;2026-02-17 19:39:29;2026-02-26 17:15:19;1604804 DIRECCIÓN GENERAL DEL TERRITORIO MARÍTIMO Y MARINA/ Solciitud soporte pruebas VPN;Requerimiento;Servicio Interno;Colocation;Apoyo habilitacion cliente;ProvisionConectividadTI;Alejandro.Carrasco;CI1002031;RF448361
SD3195523;SAMUEL PAREDES SAEZ;Closure;Cerrado;2026-02-17 14:41:29;2026-02-21 20:15:56;Solicitud creación de Tenant y asignación licencias Fortinet EDR – POMPEYO CARRASCO SPA – PY 1605894;Requerimiento;EDR;Colocation;eventos;SOC Empresas;Carlos.Solar;CI1002031;RF448268
SD3195142;SAMUEL PAREDES SAEZ;Closure;Cerrado;2026-02-17 12:46:55;2026-02-21 17:37:25;Solicitud Manos Remotas – Proyecto 1606367 / RFC C14887;Requerimiento;Colocation;Colocation;Ingreso de equipos;Servicio Colocation;Karen.Reyes;CI1002031;RF448232
SD3195142;SAMUEL PAREDES SAEZ;Closure;Cerrado;2026-02-17 12:24:38;2026-02-21 17:33:33;Solicitud Manos Remotas – Proyecto 1606367 / RFC C14887;Requerimiento;Colocation;Colocation;Inventario de equipos;Servicio Colocation;Uriel.Valdes;CI1002031;RF448217
SD3194166;SAMUEL PAREDES SAEZ;Cierre;Cerrado;2026-02-17 01:38:59;2026-02-18 06:39:20;Visita Data Center de SAMUEL PAREDES SAEZ;Visita Data Center;colocation;Colocation;Mantenimiento cliente;Servicio Colocation;Ignacio.Osorio;CI1002031;RF448123
SD3190831;SAMUEL PAREDES SAEZ;Cierre;Cerrado;2026-02-16 14:08:40;2026-02-17 10:39:30;Visita Data Center de SAMUEL PAREDES SAEZ;Visita Data Center;colocation;Colocation;Mantenimiento cliente;Servicio Colocation;Ignacio.Osorio;CI1002031;RF447925
SD3191846;SAMUEL PAREDES SAEZ;Closure;Cerrado;2026-02-16 11:06:33;2026-02-21 16:53:29;16-02 10:00 B5110AH08 // Carga Equipo VDCIM // Ingreso de Equipos – Sala Nodo C Rack B5110AH08;Requerimiento;Colocation;Colocation;Carga de equipos;Soporte N1 Operaciones;Jorge.Jimenez;CI1002031;RF447838
SD3191846;SAMUEL PAREDES SAEZ;Closure;Cerrado;2026-02-16 11:04:55;2026-02-19 20:15:50;16-02 10:00 B5110AH08 // Ingreso de Equipos – Sala Nodo C Rack B5110AH08;Requerimiento;Cableado Estructurado;Colocation;Inspección Visual;Servicio de Cableado;Enrique.Parra;CI1002031;RF447836
SD3191846;SAMUEL PAREDES SAEZ;Closure;Cerrado;2026-02-16 11:02:20;2026-02-19 20:15:42;16-02 10:00 B5110AH08 // Ingreso de Equipos – Sala Nodo C Rack B5110AH08;Requerimiento;Colocation;Colocation;Acompañamiento ingreso / egreso de equipos;Soporte N1 Operaciones;Guillermo.Vega;CI1002031;RF447835
SD3191781;SAMUEL PAREDES SAEZ;Cierre;Cerrado;2026-02-16 10:58:56;2026-02-17 05:37:16;Visita Data Center de SAMUEL PAREDES SAEZ;Visita Data Center;colocation;Colocation;Mantenimiento cliente;Servicio Colocation;Daniel.Cifuentes;CI1002031;RF447834
SD3191846;SAMUEL PAREDES SAEZ;Closure;Cerrado;2026-02-16 10:36:53;2026-02-19 13:16:06;16-02 10:00 B5110AH08 // Ingreso de Equipos – Sala Nodo C Rack B5110AH08;Requerimiento;Colocation;Colocation;Ingreso de equipos;Operaciones Infraestructura;Jorge.Morales;CI1002031;RF447829
SD3186363;SAMUEL PAREDES SAEZ;Closure;Cerrado;2026-02-13 19:25:17;2026-02-21 16:50:38;1590052 DEPORTES SPARTA LTDA/ Solicitud apoyo ProvisionTI;Requerimiento;Servicio Interno;Colocation;Apoyo habilitacion cliente;ProvisionConectividadTI;Ivan.Ariste;CI1002031;RF447436
SD3185872;JUAN BARRERA RAMOS;Closure;Cerrado;2026-02-13 15:12:27;2026-02-19 21:16:46;Marketing Demo / Nuevo NAT;Requerimiento;Servicio Interno;Colocation;Revision de conectividad;ProvisionConectividadTI;Alejandro.Carrasco;CI1002031;RF447380
SD3185853;SAMUEL PAREDES SAEZ;Closure;Cerrado;2026-02-13 15:07:15;2026-02-21 16:49:55;Deportes Sparta SpA, Proyecto: 1590052. Solicitud de nuevo NAT;Requerimiento;Servicio Interno;Colocation;Apoyo habilitacion cliente;ProvisionConectividadTI;Ivan.Ariste;CI1002031;RF447376
SD3185474;SAMUEL PAREDES SAEZ;Solicitud de Ticket;Abierto;2026-02-13 12:47:41;NULL;Apoyo revisión VMs SUSE y activación SOLMAN – Proyecto 1601962 SURALIS;Requerimiento;Servicio Interno;Colocation;Apoyo habilitacion cliente;ProvisionVirtualizacionTI;NULL;CI1002031;RF447314
SD3185435;SAMUEL PAREDES SAEZ;Closure;Cerrado;2026-02-13 12:38:01;2026-02-16 16:16:02;1601962 SURALIS / Apoyo plataforma Linux;Requerimiento;Servicio Interno;Colocation;Apoyo habilitacion cliente;Torre Linux;Marcelo.Avila;CI1002031;RF447308
SD3184100;SAMUEL PAREDES SAEZ;Solicitud de Ticket;Abierto;2026-02-12 22:44:11;NULL;1601962 SURALIS / Solicitud  Soporte Plataforma VirtualizacionTI;Requerimiento;Servicio Interno;Colocation;Apoyo habilitacion cliente;ProvisionVirtualizacionTI;NULL;CI1002031;RF447200
SD3184084;SAMUEL PAREDES SAEZ;Closure;Cerrado;2026-02-12 22:39:24;2026-02-16 13:15:49;1601962 SURALIS / Solicitud  Soporte Plataforma Linux;Requerimiento;Servicio Interno;Colocation;Apoyo habilitacion cliente;Torre Linux;Marcelo.Avila;CI1002031;RF447199
SD3181642;SAMUEL PAREDES SAEZ;Cierre;Cerrado;2026-02-12 06:08:35;2026-02-12 23:53:48;Visita Data Center de SAMUEL PAREDES SAEZ;Visita Data Center;colocation;Colocation;Mantenimiento cliente;Servicio Colocation;Guillermo.Vega;CI1002031;RF446968
SD3180532;JUAN BARRERA RAMOS;Closure;Cerrado;2026-02-11 19:04:48;2026-02-21 16:39:21;ACS Incorporacion de VLAN 3390;Requerimiento;Servicio Interno;Colocation;Revision de conectividad;Plataforma T3 / Soporte Especializado;Jonathan.Vargas;CI1002031;RF446812
SD3178596;JUAN BARRERA RAMOS;Closure;Cerrado;2026-02-11 11:50:50;2026-02-14 13:16:45;Fotos de Colocation AR09;Requerimiento;Colocation;Colocation;Toma de Fotografia;Servicio Colocation;Robinson.Gutierrez;CI1002031;RF446650
SD3176861;SAMUEL PAREDES SAEZ;Cierre;Cerrado;2026-02-11 00:08:28;NULL;Visita Data Center de SAMUEL PAREDES SAEZ;Visita Data Center;colocation;Colocation;Ingreso de rack;Servicio Colocation;Karen.Reyes;CI1002031;RF446543
SD3173623;SAMUEL PAREDES SAEZ;Closure;Cerrado;2026-02-09 21:20:03;2026-02-14 16:16:06;1603914 – Pares y Alvarez – Habilitación Conectividad SD-WAN y Control de Contenidos;Requerimiento;Servicio Interno;Colocation;Apoyo habilitacion cliente;ProvisionConectividadTI;Ivan.Ariste;CI1002031;RF446140
SD3173369;SAMUEL PAREDES SAEZ;Closure;Cerrado;2026-02-09 19:59:32;2026-02-13 13:16:22;1603914 – Pares y Alvarez – Solicitud conectividad FULL duplex red 12.0.0.0/24 vía SD-WAN;Requerimiento;Servicio Interno;Colocation;Apoyo habilitacion cliente;ProvisionConectividadTI;Ivan.Ariste;CI1002031;RF446078
SD3172626;SAMUEL PAREDES SAEZ;Solicitud de Ticket;Abierto;2026-02-09 16:13:12;NULL;1603914 – Pares y Alvarez – Revisión conectividad FAZ desde site remoto (15:00 hrs);Requerimiento;Servicio Interno;Colocation;Apoyo habilitacion cliente;ProvisionVirtualizacionTI;NULL;CI1002031;RF445992
SD3172621;SAMUEL PAREDES SAEZ;Closure;Cerrado;2026-02-09 16:11:05;2026-02-13 13:16:11;1603914 – Pares y Alvarez – Revisión conectividad FAZ desde site remoto (15:00 hrs);Requerimiento;Servicio Interno;Colocation;Apoyo habilitacion cliente;ProvisionConectividadTI;Ivan.Ariste;CI1002031;RF445988
SD3172481;SAMUEL PAREDES SAEZ;Solicitud de Ticket;Abierto;2026-02-09 15:35:06;NULL;1603914 PARES Y ALVAREZ |   Apoyo despliegue segundo archivo FMG;Requerimiento;Servicio Interno;Colocation;Apoyo habilitacion cliente;ProvisionVirtualizacionTI;NULL;CI1002031;RF445977
SD3172104;SAMUEL PAREDES SAEZ;Cierre;Cerrado;2026-02-09 14:08:02;2026-02-10 05:39:30;Visita Data Center de SAMUEL PAREDES SAEZ;Visita Data Center;colocation;Colocation;Mantenimiento cliente;Servicio Colocation;Karen.Reyes;CI1002031;RF445938
SD3157133;SAMUEL PAREDES SAEZ;Cierre;Cerrado;2026-02-09 13:08:50;2026-02-11 05:04:07;Visita Data Center de SAMUEL PAREDES SAEZ;Visita Data Center;colocation;Colocation;Mantenimiento cliente;Servicio Colocation;Guillermo.Vega;CI1002031;RF445905
SD3170851;SAMUEL PAREDES SAEZ;Cierre;Cerrado;2026-02-09 03:58:35;2026-02-10 05:38:13;Visita Data Center de SAMUEL PAREDES SAEZ;Visita Data Center;colocation;Colocation;Mantenimiento cliente;Servicio Colocation;Guillermo.Vega;CI1002031;RF445786
SD3170878;SAMUEL PAREDES SAEZ;Cierre;Cerrado;2026-02-09 03:58:35;2026-02-10 05:39:09;Visita Data Center de SAMUEL PAREDES SAEZ;Visita Data Center;colocation;Colocation;Mantenimiento cliente;Servicio Colocation;Guillermo.Vega;CI1002031;RF445787
SD3158782;SAMUEL PAREDES SAEZ;Cierre;Cerrado;2026-02-07 08:38:06;2026-02-07 22:20:56;Visita Data Center de SAMUEL PAREDES SAEZ;Visita Data Center;colocation;Colocation;Mantenimiento cliente;Servicio Colocation;Eduardo.Godoy;CI1002031;RF445591
SD3161793;SAMUEL PAREDES SAEZ;Closure;Cerrado;2026-02-05 18:29:05;2026-02-09 13:16:49;Solicitud eliminación monitoreo – Cliente ILOP S.A. (Landscape SUSE);Requerimiento;Servicio Interno;Colocation;Apoyo habilitacion cliente;Torre Monitoreo;Eduardo.Paredes;CI1002031;RF445188
SD3161778;SAMUEL PAREDES SAEZ;Closure;Cerrado;2026-02-05 18:16:03;2026-02-08 19:15:39;Solicitud eliminación JOB de respaldo – Cliente ILOP S.A. (Landscape SUSE);Requerimiento;Servicio Interno;Colocation;Escalamiento Intertorre;Torre Respaldos;Pablo.Zbinden;CI1002031;RF445181
SD3161414;SAMUEL PAREDES SAEZ;Solicitud de Ticket;Abierto;2026-02-05 15:11:49;NULL;1575916 ILOP S.A. // Desprovisison tenan  vDC_Lapiz _Lopez;Requerimiento;Servicio Interno;Colocation;Apoyo habilitacion cliente;ProvisionVirtualizacionTI;NULL;CI1002031;RF445120
SD3159676;JUAN BARRERA RAMOS;Cierre;Cerrado;2026-02-05 00:35:23;2026-02-07 08:31:15;Visita Data Center de JUAN BARRERA RAMOS;Visita Data Center;colocation;NULL;Mantenimiento cliente;Soporte N1 Operaciones;Guillermo.Vega;NULL;RF444974
SD3159800;SAMUEL PAREDES SAEZ;Closure;Cerrado;2026-02-04 21:29:40;2026-02-16 18:15:57;1603914 – Pares y Alvarez – Solicitud aumento cuota de VMs en vDC (Prioridad ALTA);Requerimiento;Servicio Interno;Colocation;Escalamiento Intertorre;Torre Virtualización;Sebastian.Panes;CI1002031;RF444943
SD3159787;SAMUEL PAREDES SAEZ;Trabajo en Progreso;Abierto;2026-02-04 21:18:29;NULL;1603914 – Pares y Alvarez – Desprovisionamiento VM Windows para despliegue OVF FAZ/FMG (Prioridad AL;Requerimiento;Servicio Interno;Colocation;Apoyo habilitacion cliente;ProvisionVirtualizacionTI;NULL;CI1002031;RF444941
SD3159027;JUAN BARRERA RAMOS;Closure;Cerrado;2026-02-04 15:14:35;2026-02-12 15:15:44;REVIA Habilitar protocolo UDP;Requerimiento;Servicio Interno;Colocation;Revision de conectividad;ProvisionConectividadTI;Alejandro.Carrasco;CI1002031;RF444827
SD3158724;SAMUEL PAREDES SAEZ;Trabajo en Progreso;Abierto;2026-02-04 13:27:10;NULL;Ticket – Suralis (Proyecto 1601962) / Confirmación provisión de VMs;Requerimiento;Servicio Interno;Colocation;Apoyo habilitacion cliente;ProvisionVirtualizacionTI;NULL;CI1002031;RF444799
SD3157185;JUAN BARRERA RAMOS;Closure;Cerrado;2026-02-04 00:08:02;2026-02-13 18:15:58;DCIM | 05/02 - 10:00 | B3 - AR09 | SENAPRED RACK B3204AR09;Requerimiento;Colocation;Colocation;Acompañamiento ingreso / egreso de equipos;Servicio Colocation;Sergio.Adasme;CI1002031;RF444662
SD3157185;JUAN BARRERA RAMOS;Closure;Cerrado;2026-02-03 23:59:04;2026-02-09 14:15:12;05/02 - 10:00 | B3 - AR09 | SENAPRED RACK B3204AR09;Requerimiento;Colocation;Colocation;Acompañamiento ingreso / egreso de equipos;Servicio Colocation;Jordan.Munoz;CI1002031;RF444659
SD3157406;SAMUEL PAREDES SAEZ;Closure;Cerrado;2026-02-03 23:07:18;2026-02-08 22:15:22;Cliente FALP / PY 1548507 – Solicitud apoyo T3 (Soporte Especializado) ejecución 07/02 18:00 hrs;Requerimiento;Servicio Interno;Colocation;Apoyo habilitacion cliente;Plataforma T3 / Soporte Especializado;Jonathan.Vargas;CI1002031;RF444653
SD3157117;JUAN BARRERA RAMOS;Closure;Cerrado;2026-02-03 21:54:41;2026-02-13 19:15:10;05/02 - 10:00 | B3 -AR09 | DCIM | Validación Infraestructura SENAPRED AR09;Requerimiento;Colocation;Colocation;Acompañamiento ingreso / egreso de equipos;Servicio Colocation;Sergio.Adasme;CI1002031;RF444641
SD3157117;JUAN BARRERA RAMOS;Closure;Cerrado;2026-02-03 21:48:30;2026-02-08 15:16:06;05/02 - 10:00 | B3 - AR09 | Validación Infraestructura SENAPRED AR09;Requerimiento;Colocation;Colocation;Acompañamiento ingreso / egreso de equipos;Servicio Colocation;Jordan.Munoz;CI1002031;RF444640
SD3157117;JUAN BARRERA RAMOS;Closure;Cerrado;2026-02-03 21:40:23;2026-02-08 12:15:36;Validación Infraestructura SENAPRED AR09;Requerimiento;Colocation;Colocation;Ingreso de Equipos;Servicio Colocation;Eduardo.Godoy;CI1002031;RF444639
SD3157185;JUAN BARRERA RAMOS;Closure;Cerrado;2026-02-03 20:43:48;2026-02-07 15:15:58;SENAPRED RACK B3204AR09;Requerimiento;Colocation;Colocation;Ingreso de equipos;Operaciones Infraestructura;Jorge.Morales;CI1002031;RF444621
SD3156850;SAMUEL PAREDES SAEZ;Closure;Cerrado;2026-02-03 19:04:24;2026-02-06 22:15:22;Cliente FALP / PY 1548507 – Solicitud Manos Remotas B3.;Requerimiento;Colocation;Colocation;Toma de Fotografia;Servicio Colocation;Ignacio.Osorio;CI1002031;RF444585
SD3154279;SAMUEL PAREDES SAEZ;Closure;Cerrado;2026-02-02 19:54:17;2026-02-05 20:16:01;Cliente FALP / PY 1548507 – Solicitud apoyo T3 (Soporte Especializado) ejecución 07/02 18:00 hrs;Requerimiento;Servicio Interno;Colocation;Apoyo habilitacion cliente;Plataforma T3 / Soporte Especializado;Luz.Medina;CI1002031;RF444283
SD3154273;SAMUEL PAREDES SAEZ;Closure;Cerrado;2026-02-02 19:50:50;2026-02-12 13:15:46;Cliente FALP / PY 1548507 – Solicitud apoyo ProvisionTI ejecución 07/02 18:00 hrs;Requerimiento;Servicio Interno;Colocation;Apoyo habilitacion cliente;ProvisionConectividadTI;Ivan.Ariste;CI1002031;RF444282
SD3154040;SAMUEL PAREDES SAEZ;Trabajo en Progreso;Abierto;2026-02-02 18:29:24;NULL;1603914 PARES & ALVAREZ /Solicitud de evidencia de recursos actuales en vDC;Requerimiento;Servicio Interno;Colocation;Apoyo habilitacion cliente;ProvisionVirtualizacionTI;NULL;CI1002031;RF444256
SD3153743;SAMUEL PAREDES SAEZ;Closure;Cerrado;2026-02-02 15:56:36;2026-02-07 19:15:05;PARES & ALVAREZ – Evidencia conectividad VDOM (MPLS/Internet/LAN/SDWAN) – VM mngr-analyzer;Requerimiento;Servicio Interno;Colocation;Apoyo habilitacion cliente;ProvisionConectividadTI;Ivan.Ariste;CI1002031;RF444208
SD3153719;SAMUEL PAREDES SAEZ;Trabajo en Progreso;Abierto;2026-02-02 15:49:46;NULL;PARES & ALVAREZ //  cosulta salida internet VM ambiente dedicado Fmg- Faz;Requerimiento;Servicio Interno;Colocation;Apoyo habilitacion cliente;ProvisionVirtualizacionTI;NULL;CI1002031;RF444201
SD3143568;JUAN BARRERA RAMOS;Closure;Cerrado;2026-01-29 13:06:38;2026-02-02 14:15:47;Cotizacion de ATS y de RPDU SENAPRED;Requerimiento;Servicio Interno;Colocation;Solicitud de cotización de Infraestructura DCL;Operaciones Infraestructura;Dabiana.Carrero;CI1002031;RF443321
SD3139358;SAMUEL PAREDES SAEZ;Closure;Cerrado;2026-01-27 21:04:57;2026-03-13 17:15:28;Creación organización FortiPortal + asignación licencias – PY 1597369 – IM Quinta Normal;Requerimiento;Servicio Interno;Colocation;Apoyo habilitacion cliente;ProvisionConectividadTI;Alejandro.Carrasco;CI1002031;RF442842
SD3139242;SAMUEL PAREDES SAEZ;Closure;Cerrado;2026-01-27 19:25:46;2026-04-02 21:16:41;1597369 – Ilustre Municipalidad de Quinta Normal // Solcitud apoyo especialista, migracion BD;Requerimiento;Servicio Interno;Colocation;Apoyo habilitacion cliente;Torre Microsoft;Jose.Sanchez;CI1002031;RF442816
SD3139195;SAMUEL PAREDES SAEZ;Closure;Cerrado;2026-01-27 18:58:03;2026-01-31 14:16:03;INNOVIT SPA / ID 1603688/ Agregar nuevo usuario VPN;Requerimiento;Servicio Interno;Colocation;Apoyo habilitacion cliente;ProvisionConectividadTI;Ivan.Ariste;CI1002031;RF442802
SD3126241;SAMUEL PAREDES SAEZ;Trabajo en Progreso;Abierto;2026-01-22 15:51:05;NULL;BLANCO VIAJES SPA// Solicitud evidencia actuales recursos VDC;Requerimiento;Servicio Interno;Colocation;Apoyo habilitacion cliente;ProvisionVirtualizacionTI;NULL;CI1002031;RF441566
SD3119234;SAMUEL PAREDES SAEZ;Closure;Cerrado;2026-01-21 13:42:09;2026-01-31 15:15:22;INNOVIT, Verificación y propagación red 192.168.1.0/24 hacia GCP;Requerimiento;Servicio Interno;Colocation;Apoyo habilitacion cliente;ProvisionConectividadTI;Alejandro.Carrasco;CI1002031;RF441204
SD3117007;SAMUEL PAREDES SAEZ;Closure;Cerrado;2026-01-20 22:02:56;2026-01-25 01:15:46;Solicitud troubleshooting –  Sin Acceso a destinos externos post migración ACI | RFC C14841;Requerimiento;Servicio Interno;Colocation;Apoyo habilitacion cliente;Plataforma T3 / Soporte Especializado;Iche.Chen;CI1002031;RF441054
SD3115900;SAMUEL PAREDES SAEZ;Closure;Cerrado;2026-01-20 15:45:35;2026-01-23 17:15:44;CLARO CHILE S.A. Solicitud asignación  IP pública – VLAN 434;Requerimiento;Servicio Interno;Colocation;Apoyo habilitacion cliente;Plataforma T3 / Soporte Especializado;Luz.Medina;CI1002031;RF440913
SD3103923;SAMUEL PAREDES SAEZ;Closure;Cerrado;2026-01-15 21:05:54;2026-01-23 13:15:43;1599091 Mutual de Seguridad / solicitud Apoyo fuera de horario RFC C14841;Requerimiento;Servicio Interno;Colocation;Apoyo habilitacion cliente;ProvisionConectividadTI;Ivan.Ariste;CI1002031;RF439746
SD3100966;SAMUEL PAREDES SAEZ;Closure;Cerrado;2026-01-14 19:59:20;2026-01-22 15:15:16;MUTUAL DE SEGURIDAD ,  solicitud NIP  RFC C14841;Requerimiento;Servicio Interno;Colocation;Apoyo habilitacion cliente;ProvisionConectividadTI;Alejandro.Carrasco;CI1002031;RF439406
SD3099897;SAMUEL PAREDES SAEZ;Closure;Cerrado;2026-01-14 12:51:59;2026-01-17 13:16:16;BELSPORT/ Consulta IP Internet asignadas;Requerimiento;Servicio Interno;Colocation;Apoyo habilitacion cliente;ProvisionConectividadTI;Ivan.Ariste;CI1002031;RF439257
SD3098155;SAMUEL PAREDES SAEZ;Closure;Cerrado;2026-01-13 20:06:16;2026-01-17 15:15:55;INNOVIT SPA / dejar de propagar la ruta default desde el VDOM;Requerimiento;Servicio Interno;Colocation;Apoyo habilitacion cliente;ProvisionConectividadTI;Alejandro.Carrasco;CI1002031;RF439086
SD3097850;SAMUEL PAREDES SAEZ;Closure;Cerrado;2026-01-13 18:47:01;2026-01-17 19:15:49;1582312 TPS DRass // des provisionVDOM DCH;Requerimiento;Servicio Interno;Colocation;Apoyo habilitacion cliente;ProvisionConectividadTI;Alejandro.Carrasco;CI1002031;RF439050
SD3087004;SAMUEL PAREDES SAEZ;Closure;Cerrado;2026-01-09 12:00:07;2026-01-16 15:15:46;Sincronizar equipos en FM y FAZ - IM Quinta Normal 1597369;Requerimiento;Servicio Interno;Colocation;Apoyo habilitacion cliente;ProvisionConectividadTI;Ivan.Ariste;CI1002031;RF438002
SD3079709;JUAN BARRERA RAMOS;Cierre;Cerrado;2026-01-07 01:35:34;2026-01-07 17:52:45;Visita Data Center de JUAN BARRERA RAMOS;Visita Data Center;colocation;Colocation;Mantenimiento cliente;Servicio Colocation;Karen.Reyes;CI1002031;RF437323
SD3079062;JUAN BARRERA RAMOS;Closure;Cerrado;2026-01-06 13:10:13;2026-01-09 14:16:50;INNOVIT SPA /Crear Port Group;Requerimiento;Servicio Interno;Colocation;Torre Virtualizacion;Torre Virtualización;Pablo.Navarrete;CI1002031;RF437112
SD3061586;JUAN BARRERA RAMOS;Closure;Cerrado;2025-12-29 18:03:46;2026-01-02 14:15:22;Ilustre Municipalidad de la Florida // Creacion de VPN;Requerimiento;Servicio Interno;Colocation;Revision de conectividad;ProvisionConectividadTI;Ivan.Ariste;CI1002031;RF435396
SD3005109;JUAN BARRERA RAMOS;Closure;Cerrado;2025-12-26 14:46:51;2026-01-01 06:15:45;INNOVIT/Creacion de Nueva RED;Requerimiento;Servicio Interno;Colocation;Revision de conectividad;ProvisionConectividadTI;Alejandro.Carrasco;CI1002031;RF434836
SD3005091;SAMUEL PAREDES SAEZ;Closure;Cerrado;2025-12-26 14:40:29;2026-01-01 13:15:55;Solicitud creación Tenant y configuración licencias EDR, DEPORTES SPARTA LTDA, py 0001589612;Requerimiento;EDR;Colocation;Creación de nuevo tenant;SOC Empresas;Carlos.Solar;CI1002031;RF434833
SD3004823;SAMUEL PAREDES SAEZ;Closure;Cerrado;2025-12-26 12:53:12;2026-01-01 06:15:41;Solicitud creación usuarios VPN SSL – IM Quinta Normal;Requerimiento;Servicio Interno;Colocation;Apoyo habilitacion cliente;ProvisionConectividadTI;Alejandro.Carrasco;CI1002031;RF434805
SD3004750;SAMUEL PAREDES SAEZ;Closure;Cerrado;2025-12-26 12:30:35;2026-01-09 14:15:12;Solicitud creación de usuarios vDC – Municipalidad de Quinta Normal;Requerimiento;Servicio Interno;Colocation;Apoyo habilitacion cliente;Torre Virtualización;Alvaro.Martinez;CI1002031;RF434795
SD2993118;SAMUEL PAREDES SAEZ;Closure;Cerrado;2025-12-24 14:28:07;2025-12-27 15:17:39; 1590052 DEPORTES SPARTA LTDA / Agreagar puerto NAT Servidor Eqsapv10;Requerimiento;Servicio Interno;Colocation;Apoyo habilitacion cliente;ProvisionConectividadTI;Alejandro.Carrasco;CI1002031;RF434510
SD2993089;JUAN BARRERA RAMOS;Closure;Cerrado;2025-12-24 14:18:48;2025-12-29 13:16:35;INNOVIT / MODIFICACION PORT GROUP;Requerimiento;Servicio Interno;Colocation;Revisión Virtualización;Torre Virtualización;Pablo.Navarrete;CI1002031;RF434505
SD2993080;SAMUEL PAREDES SAEZ;Closure;Cerrado;2025-12-24 14:15:11;2025-12-27 16:17:28; 1590052 DEPORTES SPARTA LTDA / Habilitación politica acceso a MySQL;Requerimiento;Servicio Interno;Colocation;Apoyo habilitacion cliente;ProvisionConectividadTI;Alejandro.Carrasco;CI1002031;RF434504
SD2993050;SAMUEL PAREDES SAEZ;Closure;Cerrado;2025-12-24 14:01:17;2025-12-27 15:17:18; 1590052 DEPORTES SPARTA LTDA / Extensión tiempo de sesión VPN SSL;Requerimiento;Servicio Interno;Colocation;Apoyo habilitacion cliente;ProvisionConectividadTI;Alejandro.Carrasco;CI1002031;RF434497
SD2992940;JUAN BARRERA RAMOS;Closure;Cerrado;2025-12-24 13:17:29;2025-12-27 15:17:10;INNOVIT SPA/Modificacion de RED;Requerimiento;Servicio Interno;Colocation;Revision de conectividad;ProvisionConectividadTI;Alejandro.Carrasco;CI1002031;RF434481
SD2992919;SAMUEL PAREDES SAEZ;Closure;Cerrado;2025-12-24 13:06:13;2025-12-27 15:17:07; 1590052 DEPORTES SPARTA LTDA / Crear política conectividad hacia la Central Telefónica IP;Requerimiento;Servicio Interno;Colocation;Apoyo habilitacion cliente;ProvisionConectividadTI;Alejandro.Carrasco;CI1002031;RF434477
SD2992896;SAMUEL PAREDES SAEZ;Closure;Cerrado;2025-12-24 12:58:04;2025-12-27 15:16:58; 1590052 DEPORTES SPARTA LTDA / Modificar rango IP VPN SSL;Requerimiento;Servicio Interno;Colocation;Apoyo habilitacion cliente;ProvisionConectividadTI;Alejandro.Carrasco;CI1002031;RF434473
SD2975456;SAMUEL PAREDES SAEZ;Closure;Cerrado;2025-12-22 18:00:18;2025-12-27 12:15:59;TPS  prueba interna DR / levantar VM Zeus;Requerimiento;Servicio Interno;Colocation;Apoyo habilitacion cliente;Torre Virtualización;Alvaro.Martinez;CI1002031;RF433998
SD2972424;SAMUEL PAREDES SAEZ;Closure;Cerrado;2025-12-22 12:19:34;2026-01-08 17:15:14;TPS-DRaaS / apoyo configuracion conectividad.;Requerimiento;Servicio Interno;Colocation;Apoyo habilitacion cliente;ProvisionConectividadTI;Ivan.Ariste;CI1002031;RF433880
SD2948816;JUAN BARRERA RAMOS;Closure;Cerrado;2025-12-19 22:39:02;2025-12-27 12:15:46;INNOVIT SPA /Subir VMs a vcloud;Requerimiento;Servicio Interno;Colocation;Revisión Virtualización;Torre Virtualización;Alvaro.Martinez;CI1002031;RF433488
SD2948408;JUAN BARRERA RAMOS;Closure;Cerrado;2025-12-19 19:54:31;2025-12-22 21:16:09;INNOVIT /Cracion de VPN cliente;Requerimiento;Servicio Interno;Colocation;Revision de conectividad;ProvisionConectividadTI;Ivan.Ariste;CI1002031;RF433456
SD2942677;JUAN BARRERA RAMOS;Solicitud de Ticket;Abierto;2025-12-18 12:30:40;NULL;INNOVIT SPA/Creacion de 2 VMS;Requerimiento;Servicio Interno;Colocation;Revisión Virtualización;ProvisionVirtualizacionTI;Alejandro.Aguilar;CI1002031;RF432986
SD2925865;SAMUEL PAREDES SAEZ;Closure;Cerrado;2025-12-15 20:52:59;2025-12-18 22:16:32;1597369 ILUSTRE MUNICIPALIDAD DE QUINTA NORMAL // creacion NT;Requerimiento;Servicio Interno;Colocation;Apoyo habilitacion cliente;ProvisionConectividadTI;Alejandro.Carrasco;CI1002031;RF432112
SD2925639;SAMUEL PAREDES SAEZ;Closure;Cerrado;2025-12-15 18:56:51;2025-12-19 14:16:24;1597369 ILUSTRE MUNICIPALIDAD DE QUINTA NORMAL // Crear usuario Fortiortal;Requerimiento;Servicio Interno;Colocation;Apoyo habilitacion cliente;Plataforma T3 / Soporte Especializado;Victor.Covarrubias;CI1002031;RF432065
SD2925210;SAMUEL PAREDES SAEZ;Closure;Cerrado;2025-12-15 15:19:37;2025-12-19 14:16:06;1597369 ILUSTRE MUNICIPALIDAD DE QUINTA NORMAL // Bloqueo IP Publica v2;Requerimiento;Servicio Interno;Colocation;Apoyo habilitacion cliente;ProvisionConectividadTI;Ivan.Ariste;CI1002031;RF431981
SD2924565;SAMUEL PAREDES SAEZ;Closure;Cerrado;2025-12-15 12:07:34;2025-12-18 18:17:34;1597369 ILUSTRE MUNICIPALIDAD DE QUINTA NORMAL // bloqueo IP externa.;Requerimiento;Servicio Interno;Colocation;Apoyo habilitacion cliente;ProvisionConectividadTI;Alejandro.Carrasco;CI1002031;RF431892
SD2915818;JUAN BARRERA RAMOS;Closure;Cerrado;2025-12-10 19:45:42;2025-12-27 12:15:29;INNOVIT SPA;Requerimiento;Servicio Interno;Colocation;Torre Virtualizacion;Torre Virtualización;Alvaro.Martinez;CI1002031;RF430696
SD2911914;SAMUEL PAREDES SAEZ;Cierre;Cerrado;2025-12-10 01:05:38;2025-12-12 03:59:12;Visita Data Center de SAMUEL PAREDES SAEZ;Visita Data Center;colocation;Colocation;ingreso y egreso de componentes;Servicio Colocation;Karen.Reyes;CI1002031;RF430442
SD2912002;SAMUEL PAREDES SAEZ;Closure;Cerrado;2025-12-09 13:39:10;2025-12-13 19:15:21;10-12 // B4 10:00 BC61 // Cambio de componente Discos.;Requerimiento;Colocation;Colocation;Acompañamiento ingreso / egreso de equipos;Servicio Colocation;Uriel.Valdes;CI1002031;RF430249
SD2912002;SAMUEL PAREDES SAEZ;Closure;Cerrado;2025-12-09 13:36:47;2025-12-12 23:15:16;Cambio de componente Discos.;Requerimiento;Colocation;Colocation;Ingreso disco duro;Operaciones Infraestructura;Jorge.Morales;CI1002031;RF430248
SD2904164;JUAN BARRERA RAMOS;Closure;Cerrado;2025-12-05 15:49:34;2025-12-09 13:19:05;INNOVIT SPA /IPS Publicas;Requerimiento;Servicio Interno;Colocation;Revision de conectividad;Plataforma T3 / Soporte Especializado;Luz.Medina;CI1002031;RF429559
SD2898623;JUAN BARRERA RAMOS;Closure;Cerrado;2025-12-04 18:52:47;2025-12-12 18:15:14;HiTTs SENAPRED crear VPN ssl;Requerimiento;Servicio Interno;Colocation;Revision de conectividad;ProvisionConectividadTI;Alejandro.Carrasco;CI1002031;RF429283
SD2896006;SAMUEL PAREDES SAEZ;Closure;Cerrado;2025-12-04 16:34:07;2025-12-15 00:15:31;Solicitud usuario FortiPortal – PY 1597369 – Ilustre Municipalidad de Quinta Normal;Requerimiento;Servicio Interno;Colocation;Apoyo habilitacion cliente;Plataforma T3 / Soporte Especializado;elias.iriarte;CI1002031;RF429241
SD2895985;JUAN BARRERA RAMOS;Closure;Cerrado;2025-12-04 16:24:40;2025-12-12 01:15:35;Innovit/ Solicitud de Documentacion;Requerimiento;Servicio Interno;Colocation;Revision de conectividad;ProvisionConectividadTI;Alejandro.Carrasco;CI1002031;RF429237
SD2895978;SAMUEL PAREDES SAEZ;Closure;Cerrado;2025-12-04 16:19:57;2025-12-18 17:15:38;Solicitud Habilitación de servicio FortiPortal – PY 1597369 – Ilustre Municipalidad de Quinta Normal;Requerimiento;Servicio Interno;Colocation;Apoyo habilitacion cliente;ProvisionConectividadTI;Alejandro.Carrasco;CI1002031;RF429232
SD2895602;SAMUEL PAREDES SAEZ;Closure;Cerrado;2025-12-04 13:34:49;2025-12-09 13:04:21;1590052 DEPORTES SPARTA LTDA/   Solicitud revisiòn VDOM / uso de sesiones.;Requerimiento;Servicio Interno;Colocation;Apoyo habilitacion cliente;ProvisionConectividadTI;Alejandro.Carrasco;CI1002031;RF429162
SD2887911;SAMUEL PAREDES SAEZ;Closure;Cerrado;2025-12-03 13:33:47;2026-01-02 14:15:07;1597369 ILUSTRE MUNICIPALIDAD DE QUINTA NORMAL // Validaciòn politicas VPN SSL;Requerimiento;Servicio Interno;Colocation;Apoyo habilitacion cliente;ProvisionConectividadTI;Alejandro.Carrasco;CI1002031;RF428813
SD2879975;SAMUEL PAREDES SAEZ;Closure;Cerrado;2025-12-01 19:26:15;2025-12-07 10:57:10;1597369 ILUSTRE MUNICIPALIDAD DE QUINTA NORMAL // nuevo usuario VPN SSL;Requerimiento;Servicio Interno;Colocation;Apoyo habilitacion cliente;ProvisionConectividadTI;Alejandro.Carrasco;CI1002031;RF428295
SD2876546;SAMUEL PAREDES SAEZ;Closure;Cerrado;2025-12-01 11:59:26;2025-12-04 14:16:28;1597369 ILUSTRE MUNICIPALIDAD DE QUINTA NORMAL // apertura puerto TCP 1433.;Requerimiento;Servicio Interno;Colocation;Apoyo habilitacion cliente;ProvisionConectividadTI;Alejandro.Carrasco;CI1002031;RF428096
SD2859864;SAMUEL PAREDES SAEZ;Closure;Cerrado;2025-11-27 14:47:28;2025-11-30 18:15:51;Solicitud 2 Ip´s WAN Internet  / 1599091 MUTUAL DE SEGURIDAD C. CH. C.;Requerimiento;Servicio Interno;Colocation;Apoyo habilitacion cliente;Plataforma T3 / Soporte Especializado;Luz.Medina;CI1002031;RF427404
SD2859842;JUAN BARRERA RAMOS;Closure;Cerrado;2025-11-27 14:37:27;2025-11-30 16:15:49;Consumo RACK AN04 Caja18;Requerimiento;Colocation;Colocation;Ingreso y egreso de equipos;Operaciones Infraestructura;Jorge.Morales;CI1002031;RF427400
SD2857709;SAMUEL PAREDES SAEZ;Closure;Cerrado;2025-11-26 20:14:54;2025-11-29 21:16:14;Solicitud 8 Ip´s Publicas  / 1599091 MUTUAL DE SEGURIDAD C. CH. C.;Requerimiento;Servicio Interno;Colocation;Apoyo habilitacion cliente;Plataforma T3 / Soporte Especializado;Luz.Medina;CI1002031;RF427188
SD2841505;SAMUEL PAREDES SAEZ;Closure;Cerrado;2025-11-25 20:46:39;2025-12-04 14:16:00;1597369 ILUSTRE MUNICIPALIDAD DE QUINTA NORMAL // Hosting VM;Requerimiento;Servicio Interno;Colocation;Apoyo habilitacion cliente;ProvisionConectividadTI;Alejandro.Carrasco;CI1002031;RF426831
SD2841393;SAMUEL PAREDES SAEZ;Closure;Cerrado;2025-11-25 20:08:16;2025-12-04 14:15:56;1597369 ILUSTRE MUNICIPALIDAD DE QUINTA NORMAL // Solicitud bloqueo  IP Publica.;Requerimiento;Servicio Interno;Colocation;Apoyo habilitacion cliente;ProvisionConectividadTI;Alejandro.Carrasco;CI1002031;RF426815
SD2840614;JUAN BARRERA RAMOS;Trabajo en Progreso;Abierto;2025-11-25 14:30:26;NULL;SENAPRED/ Creacion de VMs;Requerimiento;Servicio Interno;Colocation;Revisión Virtualización;ProvisionVirtualizacionTI;NULL;CI1002031;RF426709
SD2838195;SAMUEL PAREDES SAEZ;Closure;Cerrado;2025-11-24 14:59:39;2025-12-04 14:15:47;1597369 ILUSTRE MUNICIPALIDAD DE QUINTA NORMAL // Hosting VM;Requerimiento;Servicio Interno;Colocation;Apoyo habilitacion cliente;ProvisionConectividadTI;Alejandro.Carrasco;CI1002031;RF426362
SD2835876;SAMUEL PAREDES SAEZ;Solicitud de Ticket;Abierto;2025-11-24 13:56:10;NULL;Consulta VDC ILOP VXRAIL;Requerimiento;Servicio Interno;Colocation;Apoyo habilitacion cliente;ProvisionVirtualizacionTI;NULL;CI1002031;RF426341
SD2829430;SAMUEL PAREDES SAEZ;Closure;Cerrado;2025-11-21 13:35:38;2025-12-04 14:15:41;Solicitud NIP. 1599091 MUTUAL DE SEGURIDAD C. CH. C.;Requerimiento;Servicio Interno;Colocation;Apoyo habilitacion cliente;ProvisionConectividadTI;Alejandro.Carrasco;CI1002031;RF425795
SD2827233;SAMUEL PAREDES SAEZ;Closure;Cerrado;2025-11-20 17:57:54;2025-11-27 12:15:55;Solicitud Licenciamiento WIN SERV 2022 - 1597369 I.M. DE QUINTA NORMAL;Requerimiento;Servicio Interno;Colocation;Torre Microsoft;Torre Microsoft;Javier.Briceno;CI1002031;RF425584
SD2827201;SAMUEL PAREDES SAEZ;Closure;Cerrado;2025-11-20 17:37:20;2025-11-27 13:16:25;1597369 ILUSTRE MUNICIPALIDAD DE QUINTA NORMAL //Solicitud verificaciòn VDOM VM sin conectividad GW;Requerimiento;Servicio Interno;Colocation;Apoyo habilitacion cliente;ProvisionConectividadTI;Alejandro.Carrasco;CI1002031;RF425579
SD2816970;SAMUEL PAREDES SAEZ;Closure;Cerrado;2025-11-19 20:40:22;2025-11-22 22:15:55;1599091 MUTUAL DE SEGURIDAD , Solicitud  Asignar interfaces en LEAF 1 y 2;Requerimiento;Servicio Interno;Colocation;Apoyo habilitacion cliente;Plataforma T3 / Soporte Especializado;Luz.Medina;CI1002031;RF425268
SD2813401;SAMUEL PAREDES SAEZ;Closure;Cerrado;2025-11-19 14:13:52;2025-11-22 17:15:33;1597369 ILUSTRE MUNICIPALIDAD DE QUINTA NORMAL // NAT LAN --> WAN (internet);Servicios Internos;Proyectos;Colocation;Apoyo habilitacion cliente;ProvisionConectividadTI;Ivan.Ariste;CI1002031;RF425127
SD2813033;SAMUEL PAREDES SAEZ;Closure;Cerrado;2025-11-19 12:41:44;2025-11-23 13:16:13;I. M de Quinta Normal // Solicitud creación usuario cliente a vDC;Requerimiento;Servicio Interno;Colocation;Apoyo habilitacion cliente;Torre Virtualización;Felipe.Chavez;CI1002031;RF425070
SD2812399;SAMUEL PAREDES SAEZ;Trabajo en Progreso;Abierto;2025-11-19 12:25:07;NULL;1597369 ILUSTRE MUNICIPALIDAD DE QUINTA NORMAL // Hosting VM;Requerimiento;Servicio Interno;Colocation;Apoyo habilitacion cliente;ProvisionVirtualizacionTI;NULL;CI1002031;RF425060
SD2809243;SAMUEL PAREDES SAEZ;Cierre;Cerrado;2025-11-18 23:40:58;2025-11-19 07:21:18;Visita Data Center de SAMUEL PAREDES SAEZ;Visita Data Center;colocation;Colocation;Mantenimiento cliente;Servicio Colocation;Robinson.Gutierrez;CI1002031;RF424944
SD2805452;JUAN BARRERA RAMOS;Cierre;Cerrado;2025-11-18 18:35:39;2025-11-18 23:28:39;Visita Data Center de JUAN BARRERA RAMOS;Visita Data Center;colocation;Colocation;Mantenimiento cliente;Servicio Colocation;Karen.Reyes;CI1002031;RF424831
SD2786567;SAMUEL PAREDES SAEZ;Closure;Cerrado;2025-11-14 18:00:36;2025-11-21 13:15:33;1599091 MUTUAL DE SEGURIDAD , Solicitud asignación de interfaces en Plataforma ACI;Requerimiento;Servicio Interno;Colocation;Apoyo habilitacion cliente;Plataforma T3 / Soporte Especializado;Luz.Medina;CI1002031;RF423910
SD2786122;JUAN BARRERA RAMOS;Closure;Cerrado;2025-11-14 14:54:46;2025-11-20 15:15:49;Caja 18 // Veritas Call HOME;Requerimiento;Servicio Interno;Colocation;Revision de conectividad;ProvisionConectividadTI;Ivan.Ariste;CI1002031;RF423863
SD2785640;JUAN BARRERA RAMOS;Closure;Cerrado;2025-11-14 12:10:46;2025-11-17 13:18:07;ESMAX/ Politica de Respaldo;Requerimiento;Servicio Interno;Colocation;Torre Respaldos;Torre Respaldos;Pablo.Zbinden;CI1002031;RF423783
SD2784277;JUAN BARRERA RAMOS;Closure;Cerrado;2025-11-13 22:04:45;2025-11-21 19:15:55;Caja 18/ Cambio de MTU;Requerimiento;Servicio Interno;Colocation;Revisión Virtualización;Torre Virtualización;Alvaro.Martinez;CI1002031;RF423639
SD2783439;JUAN BARRERA RAMOS;Cierre;Cerrado;2025-11-13 19:07:16;2025-11-14 06:42:14;Visita Data Center de JUAN BARRERA RAMOS;Visita Data Center;colocation;Colocation;Mantenimiento cliente;Servicio Colocation;Karen.Reyes;CI1002031;RF423547
SD2783358;JUAN BARRERA RAMOS;Closure;Cerrado;2025-11-13 15:48:45;2025-11-20 18:15:45;SENAPRED/ VPN SIte to SIte;Requerimiento;Servicio Interno;Colocation;Revision de conectividad;ProvisionConectividadTI;Ivan.Ariste;CI1002031;RF423462
SD2783303;JUAN BARRERA RAMOS;Closure;Cerrado;2025-11-13 15:31:37;2025-11-16 19:16:15;Caja 18 // Conexion de SFP en 3k;Requerimiento;Cableado Estructurado;Colocation;Conexión de Cable UTP/FO;Servicio de Cableado;Enrique.Parra;CI1002031;RF423455
SD2781224;JUAN BARRERA RAMOS;Closure;Cerrado;2025-11-12 21:43:15;2025-11-15 22:16:38;Caja 18 // Habilitar Call Home en equipo Veritas;Requerimiento;Servicio Interno;Colocation;Revision de conectividad;Plataforma T3 / Soporte Especializado;Victor.Covarrubias;CI1002031;RF423197
SD2780616;SAMUEL PAREDES SAEZ;Closure;Cerrado;2025-11-12 19:19:41;2025-11-17 13:16:14;Solicitud apoyo actividad,  Conectividad DRaaS - TPS,  cliente TPS py 1601055 - 1595927;Requerimiento;Servicio Interno;Colocation;Apoyo habilitacion cliente;ProvisionConectividadTI;Ivan.Ariste;CI1002031;RF423140
SD2780437;SAMUEL PAREDES SAEZ;Solicitud de Ticket;Abierto;2025-11-12 18:48:25;NULL;Apoyo habilitación cliente, Migración Infraestructura DEPORTES SPARTA LTDA, py 1590052;Requerimiento;Servicio Interno;Colocation;Apoyo habilitacion cliente;ProvisionVirtualizacionTI;NULL;CI1002031;RF423109
SD2780423;SAMUEL PAREDES SAEZ;Closure;Cerrado;2025-11-12 18:45:45;2025-11-20 20:15:17;Apoyo habilitación cliente, Migración Infraestructura DEPORTES SPARTA LTDA, py 1590052;Requerimiento;Servicio Interno;Colocation;Apoyo habilitacion cliente;ProvisionConectividadTI;Ivan.Ariste;CI1002031;RF423105
SD2776887;SAMUEL PAREDES SAEZ;Closure;Cerrado;2025-11-12 14:47:46;2025-11-15 15:18:19;Solicitud de acceso personal Global Data a DCH 12112025;Requerimiento;TR Colocation;Colocation;Mantenimiento cliente;Soporte N1 Operaciones;Karen.Reyes;CI1002031;RF422979
SD2776954;JUAN BARRERA RAMOS;Closure;Cerrado;2025-11-12 14:47:40;2025-11-15 20:15:35;SENAPRED SAE /IPS Publicas;Requerimiento;Servicio Interno;Colocation;Revision de conectividad;Plataforma T3 / Soporte Especializado;Luz.Medina;CI1002031;RF422978
SD2762868;SAMUEL PAREDES SAEZ;Cierre;Cerrado;2025-11-12 01:00:12;NULL;Visita Data Center de SAMUEL PAREDES SAEZ;Visita Data Center;colocation;Colocation;ingreso y egreso de componentes;Servicio Colocation;Karen.Reyes;CI1002031;RF422809
SD2773005;SAMUEL PAREDES SAEZ;Closure;Cerrado;2025-11-11 15:50:17;2025-11-15 21:15:08;12-11 // B4 10:30 BC61-BB61 // Carabineros// Trabajos regularizacion DAS120 PPAL DC-Liray. Miercoles 12/11/2025 10:30 hrs.;Requerimiento;Colocation;Colocation;Acompañamiento ingreso / egreso de equipos;Servicio Colocation;Uriel.Valdes;CI1002031;RF422595
SD2773005;SAMUEL PAREDES SAEZ;Closure;Cerrado;2025-11-11 15:49:11;2025-11-14 17:16:15;Carabineros// Trabajos regularizacion DAS120 PPAL DC-Liray. Miercoles 12/11/2025 10:30 hrs.;Requerimiento;Colocation;Colocation;Ingreso memorias;Operaciones Infraestructura;Jorge.Morales;CI1002031;RF422594
SD2770410;JUAN BARRERA RAMOS;Cierre;Cerrado;2025-11-11 05:00:50;2025-11-11 19:36:06;Visita Data Center de JUAN BARRERA RAMOS;Visita Data Center;colocation;Colocation;Mantenimiento cliente;Servicio Colocation;Jorge.Jimenez;CI1002031;RF422412
SD2770125;JUAN BARRERA RAMOS;Closure;Cerrado;2025-11-10 23:30:09;2025-11-14 13:56:02;ESMAX Manos Remotas Rack B3204BB04;Requerimiento;Colocation;Colocation;Conexion de consola;Soporte N1 Operaciones;Cipriano.Mendez;CI1002031;RF422362
SD2762881;JUAN BARRERA RAMOS;Closure;Cerrado;2025-11-10 18:08:26;2025-11-15 15:16:57;SENAPRED/ Creacion de Vlan en Cluster 3;Requerimiento;Servicio Interno;Colocation;Torre Virtualizacion;Torre Virtualización;Pablo.Navarrete;CI1002031;RF422204
SD2761958;SAMUEL PAREDES SAEZ;Closure;Cerrado;2025-11-10 13:00:15;2025-11-14 13:46:48;1590052 SPARTA /Habilitación FortiToken;Requerimiento;Servicio Interno;Colocation;Apoyo habilitacion cliente;ProvisionConectividadTI;Ivan.Ariste;CI1002031;RF422063
SD2756222;SAMUEL PAREDES SAEZ;Closure;Cerrado;2025-11-07 19:13:47;2025-11-14 13:43:25;1590052 DEPORTES SPARTA LTDA/ Apoyo habilitación NAT vm Retailpro HQ Magento;Requerimiento;Servicio Interno;Colocation;Apoyo habilitacion cliente;ProvisionConectividadTI;Ivan.Ariste;CI1002031;RF421613
SD2755355;SAMUEL PAREDES SAEZ;Closure;Cerrado;2025-11-07 17:10:05;2025-11-14 13:43:04;1590052 DEPORTES SPARTA LTDA / Habilitar acceso carpeta Tiendas"" integración VDOM -LDAP;Requerimiento;Servicio Interno;Colocation;Apoyo habilitacion cliente;ProvisionConectividadTI;Ivan.Ariste;CI1002031;RF421561
SD2750929;SAMUEL PAREDES SAEZ;Closure;Cerrado;2025-11-06 19:59:13;2025-11-14 13:42:21;Solicitud crear NAT  Productivo: B1if Multivende / 1590052 DEPORTES SPARTA LTDA.;Requerimiento;Servicio Interno;Colocation;Apoyo habilitacion cliente;ProvisionConectividadTI;Ivan.Ariste;CI1002031;RF421336
SD2750361;JUAN BARRERA RAMOS;Closure;Cerrado;2025-11-06 15:58:07;2025-11-09 16:18:41;Manos remotas Rack B4239AP64;Requerimiento;Colocation;Colocation;Toma de Fotografia;Soporte N1 Operaciones;Karen.Reyes;CI1002031;RF421258
SD2749885;JUAN BARRERA RAMOS;Closure;Cerrado;2025-11-06 13:40:00;2025-11-09 19:18:57;Caja 18 // Retiro de Switch HP;Requerimiento;Cableado Estructurado;Colocation;Supervisión de Instalación de Cableado;Servicio de Cableado;Marcelo.Martinez;CI1002031;RF421178
SD2749885;JUAN BARRERA RAMOS;Closure;Cerrado;2025-11-06 13:36:02;2025-11-09 23:18:11;06-11 // B3 16:00 AN04 // Caja 18 // Retiro de Switch HP;Requerimiento;Colocation;Colocation;Acompañamiento ingreso / egreso de equipos;Servicio Colocation;Daniel.Cifuentes;CI1002031;RF421176
SD2749885;JUAN BARRERA RAMOS;Closure;Cerrado;2025-11-06 13:27:48;2025-11-09 19:18:51;Caja 18 // Retiro de Switch HP;Requerimiento;Colocation;Colocation;Egreso de equipos;Operaciones Infraestructura;Jorge.Morales;CI1002031;RF421170
SD2741909;SAMUEL PAREDES SAEZ;Trabajo en Progreso;Asignado a Grupo Resolutor;2025-11-04 21:12:35;NULL;1599903 UCEN. / carga ISO en Vcloud C3;Requerimiento;Servicio Interno;Colocation;Apoyo habilitacion cliente;ProvisionVirtualizacionTI;Alejandro.Aguilar;CI1002031;RF420662
SD2738941;SAMUEL PAREDES SAEZ;Solicitud de Ticket;Abierto;2025-11-03 23:55:20;NULL;1590052 DEPORTES SPARTA LTDA/ pruebas VPN StoS.;Requerimiento;Servicio Interno;Colocation;Apoyo habilitacion cliente;ProvisionVirtualizacionTI;NULL;CI1002031;RF420339
SD2738934;SAMUEL PAREDES SAEZ;Closure;Cerrado;2025-11-03 23:48:13;2025-11-08 13:17:57;1590052 DEPORTES SPARTA LTDA/ pruebas VPN StoS.;Requerimiento;Servicio Interno;Colocation;Apoyo habilitacion cliente;ProvisionConectividadTI;Ivan.Ariste;CI1002031;RF420338
SD2727028;SAMUEL PAREDES SAEZ;Solicitud de Ticket;Abierto;2025-10-30 14:53:05;NULL;1590052 DEPORTES SPARTA LTDA/ Apoyo habilitación GW .15 vm EQGOSOCKETWMS;Requerimiento;Servicio Interno;Colocation;Apoyo habilitacion cliente;ProvisionVirtualizacionTI;NULL;CI1002031;RF419497
SD2727023;SAMUEL PAREDES SAEZ;Closure;Cerrado;2025-10-30 14:48:55;2025-11-08 14:18:02;1590052 DEPORTES SPARTA LTDA/ Apoyo habilitación NAT vm EQGOSOCKETWMS;Requerimiento;Servicio Interno;Colocation;Apoyo habilitacion cliente;ProvisionConectividadTI;Ivan.Ariste;CI1002031;RF419492
SD2726662;JUAN BARRERA RAMOS;Cierre;Cerrado;2025-10-30 13:30:20;2025-10-31 06:48:21;Visita Data Center de JUAN BARRERA RAMOS;Visita Data Center;colocation;Colocation;Mantenimiento cliente;Servicio Colocation;Karen.Reyes;CI1002031;RF419441
SD2725016;SAMUEL PAREDES SAEZ;Closure;Cerrado;2025-10-30 01:42:46;2025-11-08 14:17:57;I. M de Quinta Normal 1597369// Solicitud apoyo migración Suc a SDWAN;Requerimiento;Servicio Interno;Colocation;Apoyo habilitacion cliente;ProvisionConectividadTI;Ivan.Ariste;CI1002031;RF419344
SD2723839;SAMUEL PAREDES SAEZ;Closure;Cerrado;2025-10-29 16:36:34;2025-11-01 17:19:21;Solicitud acceso a DCH Ufinet.  personal Claro y Global Data;Requerimiento;TR Colocation;Colocation;Mantenimiento cliente;Soporte N1 Operaciones;Karen.Reyes;CI1002031;RF419206
SD2718274;SAMUEL PAREDES SAEZ;Solicitud de Ticket;Abierto;2025-10-27 17:29:58;NULL;1599903 UCEN. / Creación instalancia red en VCLOUD;Requerimiento;Servicio Interno;Colocation;Apoyo habilitacion cliente;ProvisionVirtualizacionTI;NULL;CI1002031;RF418565
SD2718210;SAMUEL PAREDES SAEZ;Closure;Cerrado;2025-10-27 16:55:48;2025-10-30 19:19:19;1599903 UNIVERSIDAD CENTRAL DE CHILE / creación de Port Group en C3;Requerimiento;Servicio Interno;Colocation;Apoyo habilitacion cliente;Torre Virtualización;Pablo.Navarrete;CI1002031;RF418551
SD2707771;SAMUEL PAREDES SAEZ;Closure;Cerrado;2025-10-24 15:08:10;2025-10-28 01:17:38;1601055 TPS //  Soliciitud validación DCH UFINET;Requerimiento;TR Colocation;Colocation;Revision visual;Soporte N1 Operaciones;Robinson.Gutierrez;CI1002031;RF417926
SD2707711;SAMUEL PAREDES SAEZ;Closure;Cerrado;2025-10-24 14:35:49;2025-10-27 15:19:15;1598174 SERNAC // Solcitud Configuración FW 600E Onpremise.;Requerimiento;Seguridad;Conectividad;Revision de configuracion;Ingeniero de Soporte;Gustavo.Pavez;CI5671;RF417910
SD2707160;SAMUEL PAREDES SAEZ;Solicitud de Ticket;Abierto;2025-10-24 11:24:35;NULL;Reunión SPARTA  coordinación actividades NAT Portales Sparta.;Requerimiento;Servicio Interno;Colocation;Apoyo habilitacion cliente;ProvisionVirtualizacionTI;NULL;CI1002031;RF417832
SD2707153;SAMUEL PAREDES SAEZ;Closure;Cerrado;2025-10-24 11:22:41;2025-11-01 14:17:47;Reunión SPARTA  coordinación actividades NAT Portales Sparta.;Requerimiento;Servicio Interno;Colocation;Apoyo habilitacion cliente;ProvisionConectividadTI;Ivan.Ariste;CI1002031;RF417831
SD2704717;JUAN BARRERA RAMOS;Closure;Cerrado;2025-10-23 19:57:21;2025-10-26 23:18:14;Caja 18 // Manos Remotas Apagado de Switches 18:00;Requerimiento;Colocation;Colocation;Apagado y encendido de equipos;Soporte N1 Operaciones;Sergio.Adasme;CI1002031;RF417690
SD2701938;SAMUEL PAREDES SAEZ;Closure;Cerrado;2025-10-22 23:09:19;2025-11-01 14:17:42;1590052 DEPORTES SPARTA LTDA/ Paso a Productivo S2S VPN Claro con STG;Requerimiento;Servicio Interno;Colocation;Apoyo habilitacion cliente;ProvisionConectividadTI;Ivan.Ariste;CI1002031;RF417427
SD2701319;JUAN BARRERA RAMOS;Closure;Cerrado;2025-10-22 18:32:01;2025-10-30 14:17:40;Caja 18/ Vissualizacion de politicas de Veritas 5260;Requerimiento;Servicio Interno;Colocation;Torre Respaldos;Torre Respaldos;Pablo.Zbinden;CI1002031;RF417357
SD2701018;SAMUEL PAREDES SAEZ;Closure;Cerrado;2025-10-22 15:47:58;2025-11-01 14:17:37;1599903 UCEN. / paso VLAN´s  Internal LAN a C3;Requerimiento;Servicio Interno;Colocation;Apoyo habilitacion cliente;ProvisionConectividadTI;Ivan.Ariste;CI1002031;RF417306
SD2700959;SAMUEL PAREDES SAEZ;Closure;Cerrado;2025-10-22 15:15:34;2025-11-01 15:18:14;1599903 UNIVERSIDAD CENTRAL DE CHILE / Acceso redes UCEN usuario VPN;Requerimiento;Servicio Interno;Colocation;Apoyo habilitacion cliente;ProvisionConectividadTI;Ivan.Ariste;CI1002031;RF417289
SD2700914;JUAN BARRERA RAMOS;Closure;Cerrado;2025-10-22 14:55:22;2025-10-25 16:19:00;SAVAL //Agregar redes;Requerimiento;Servicio Interno;Colocation;Revision de conectividad;ProvisionConectividadTI;Alejandro.Carrasco;CI1002031;RF417277
SD2700869;JUAN BARRERA RAMOS;Closure;Cerrado;2025-10-22 14:34:24;2025-11-08 14:17:47;SENAPRED/ Adimaco solicitud Documentacion;Requerimiento;Servicio Interno;Colocation;Revision de conectividad;ProvisionConectividadTI;Ivan.Ariste;CI1002031;RF417268
SD2696935;SAMUEL PAREDES SAEZ;Closure;Cerrado;2025-10-20 21:40:38;2025-10-25 16:18:20;I. M de Quinta Normal // Solicitud creación VPN Site to Site;Requerimiento;Servicio Interno;Colocation;Apoyo habilitacion cliente;ProvisionConectividadTI;Alejandro.Carrasco;CI1002031;RF416815
SD2694713;SAMUEL PAREDES SAEZ;Closure;Cerrado;2025-10-20 18:54:43;2025-10-25 16:18:08;I. M de Quinta Normal // Provisión conectividad,;Requerimiento;Servicio Interno;Colocation;Apoyo habilitacion cliente;ProvisionConectividadTI;Alejandro.Carrasco;CI1002031;RF416755
SD2694356;SAMUEL PAREDES SAEZ;Closure;Cerrado;2025-10-20 16:46:30;2025-10-25 14:18:57;SPARTA Habilitación VPN Site to Site;Requerimiento;Servicio Interno;Colocation;Apoyo habilitacion cliente;ProvisionConectividadTI;Ivan.Ariste;CI1002031;RF416723
SD2690888;JUAN BARRERA RAMOS;Closure;Cerrado;2025-10-19 05:22:01;2025-10-23 14:18:50;Perdida de linked-mode. Vcsa-02.ccaf18.local;Requerimiento;Servicio Interno;Colocation;Escalamiento Intertorre;Torre Virtualización;Alvaro.Martinez;CI1002031;RF416426
SD2688739;JUAN BARRERA RAMOS;Cierre;Cerrado;2025-10-18 09:00:22;2025-10-22 04:43:59;Visita Data Center de JUAN BARRERA RAMOS;Visita Data Center;colocation;Colocation;Mantenimiento cliente;Servicio Colocation;Sergio.Adasme;CI1002031;RF416265
SD2687650;SAMUEL PAREDES SAEZ;Cierre;Cerrado;2025-10-18 05:00:22;2025-10-18 21:42:37;Visita Data Center de SAMUEL PAREDES SAEZ;Visita Data Center;colocation;Colocation;Mantenimiento cliente;Servicio Colocation;Jordan.Munoz;CI1002031;RF416248
SD2687975;SAMUEL PAREDES SAEZ;Closure;Cerrado;2025-10-17 20:36:57;2025-10-24 13:18:15;Solicitud activar NAT  Productivo: (agendamientosparta.cl) / 1590052 DEPORTES SPARTA LTDA.;Requerimiento;Servicio Interno;Colocation;Apoyo habilitacion cliente;ProvisionConectividadTI;Ivan.Ariste;CI1002031;RF416181
SD2687646;JUAN BARRERA RAMOS;Closure;Cerrado;2025-10-17 18:47:25;2025-10-25 16:17:59;SAVAL //Agregar redes;Requerimiento;Servicio Interno;Colocation;Revision de conectividad;ProvisionConectividadTI;Alejandro.Carrasco;CI1002031;RF416153
SD2684970;SAMUEL PAREDES SAEZ;Closure;Cerrado;2025-10-16 20:13:53;2025-10-19 21:18:52;Solicitud 8 Ip´s Publicas / 1597369 ILUSTRE MUNICIPALIDAD DE QUINTA NORMAL;Requerimiento;Servicio Interno;Colocation;Apoyo habilitacion cliente;Plataforma T3 / Soporte Especializado;Luz.Medina;CI1002031;RF415834
SD2684860;JUAN BARRERA RAMOS;Cierre;Cerrado;2025-10-16 19:10:46;2025-10-16 23:27:29;Visita DCL - JUAN BARRERA RAMOS;Visita Data Center;colocation;Colocation;Mantenimiento cliente;Servicio Colocation;Cipriano.Mendez;CI1002031;RF415800
SD2683904;JUAN BARRERA RAMOS;Cierre;Cerrado;2025-10-16 12:50:29;2025-10-16 21:09:30;Visita Data Center de JUAN BARRERA RAMOS;Visita Data Center;colocation;Colocation;Mantenimiento cliente;Servicio Colocation;Karen.Reyes;CI1002031;RF415618
SD2683898;JUAN BARRERA RAMOS;Closure;Cerrado;2025-10-16 12:39:08;2025-10-19 17:18:12;Retiro e Ingreso de Equipamiento Rack Caja 18;Requerimiento;Cableado Estructurado;Colocation;Supervisión de Instalación de Cableado;Servicio de Cableado;Enrique.Parra;CI1002031;RF415610
SD2683898;JUAN BARRERA RAMOS;Closure;Cerrado;2025-10-16 12:37:07;2025-10-25 20:17:14;18-10 // B3 18:00 AN04 //Retiro e Ingreso de Equipamiento Rack Caja 18;Requerimiento;Colocation;Colocation;Carga de equipos;Servicio Colocation;Jorge.Jimenez;CI1002031;RF415608
SD2683898;JUAN BARRERA RAMOS;Closure;Cerrado;2025-10-16 12:34:36;2025-10-22 04:17:50;18-10 // B3 18:00 AN04 // Retiro e Ingreso de Equipamiento Rack Caja 18;Requerimiento;Colocation;Colocation;Acompañamiento ingreso / egreso de equipos;Servicio Colocation;Sergio.Adasme;CI1002031;RF415607
SD2683898;JUAN BARRERA RAMOS;Closure;Cerrado;2025-10-16 12:32:50;2025-10-20 12:18:44;Retiro e Ingreso de Equipamiento Rack Caja 18;Requerimiento;Colocation;Colocation;Egreso de equipos;Operaciones Infraestructura;Gabriel.Salazar;CI1002031;RF415606
SD2683197;SAMUEL PAREDES SAEZ;Cierre;Cerrado;2025-10-16 03:20:57;2025-10-17 07:10:47;Visita Data Center de SAMUEL PAREDES SAEZ;Visita Data Center;colocation;Colocation;Mantenimiento cliente;Servicio Colocation;Uriel.Valdes;CI1002031;RF415543
SD2683203;SAMUEL PAREDES SAEZ;Cierre;Cerrado;2025-10-16 03:20:57;2025-10-17 07:11:08;Visita Data Center de SAMUEL PAREDES SAEZ;Visita Data Center;colocation;Colocation;Mantenimiento cliente;Servicio Colocation;Uriel.Valdes;CI1002031;RF415544
SD2682667;SAMUEL PAREDES SAEZ;Closure;Cerrado;2025-10-15 21:54:41;2025-10-18 23:18:41;Solicitud acceso  a DCH (Ufinet);Requerimiento;TR Colocation;Colocation;Mantenimiento cliente;Soporte N1 Operaciones;Jordan.Munoz;CI1002031;RF415487
SD2681868;SAMUEL PAREDES SAEZ;Closure;Cerrado;2025-10-15 15:56:24;2025-10-20 01:17:12;I. M de Quinta Normal //;Requerimiento;Servicio Interno;Colocation;Apoyo habilitacion cliente;ProvisionConectividadTI;Alejandro.Carrasco;CI1002031;RF415347
SD2679421;JUAN BARRERA RAMOS;Closure;Cerrado;2025-10-14 20:48:38;2025-10-23 22:17:33;16/10 // carga de equipos open dcim egreso // B3 AN04 // 15GSI-CAT-0002 FICHA COLOCATION Caja 18 Lirayretiro.xlsx;Requerimiento;Colocation;Colocation;Carga de equipos;Servicio Colocation;Jorge.Jimenez;CI1002031;RF415063
SD2679421;JUAN BARRERA RAMOS;Closure;Cerrado;2025-10-14 20:45:19;2025-10-20 01:17:00;16/10 B3 AN04 // 15GSI-CAT-0002 FICHA COLOCATION Caja 18 Lirayretiro.xlsx;Requerimiento;Colocation;Colocation;Acompañamiento ingreso / egreso de equipos;Soporte N1 Operaciones;Cipriano.Mendez;CI1002031;RF415061
SD2679421;JUAN BARRERA RAMOS;Closure;Cerrado;2025-10-14 20:44:03;2025-10-23 11:17:29;16/10 B3 AN04 // 15GSI-CAT-0002 FICHA COLOCATION Caja 18 Lirayretiro.xlsx;Requerimiento;Colocation;Colocation;Egreso de equipos;Operaciones Infraestructura;Gabriel.Salazar;CI1002031;RF415059
SD2679421;JUAN BARRERA RAMOS;Closure;Cerrado;2025-10-14 20:20:30;2025-10-20 12:17:56;16/10 B3 AN04 // 15GSI-CAT-0002 FICHA COLOCATION Caja 18 Lirayretiro.xlsx;Requerimiento;Cableado Estructurado;Colocation;Inspección Visual;Servicio de Cableado;Marcelo.Martinez;CI1002031;RF415045
SD2678623;JUAN BARRERA RAMOS;Closure;Cerrado;2025-10-14 15:29:35;2025-10-17 16:19:38;DCIM AN04 Caja18;Requerimiento;Colocation;Colocation;Informe especial;Soporte N1 Operaciones;Karen.Reyes;CI1002031;RF414792
SD2676601;SAMUEL PAREDES SAEZ;Cierre;Cerrado;2025-10-14 14:00:57;2025-10-15 10:25:46;Visita Data Center de SAMUEL PAREDES SAEZ;Visita Data Center;colocation;Colocation;Mantenimiento cliente;Servicio Colocation;Jordan.Munoz;CI1002031;RF414719
SD2676630;SAMUEL PAREDES SAEZ;Cierre;Cerrado;2025-10-14 14:00:57;2025-10-15 10:26:23;Visita Data Center de SAMUEL PAREDES SAEZ;Visita Data Center;colocation;Colocation;Mantenimiento cliente;Servicio Colocation;Jordan.Munoz;CI1002031;RF414720
SD2678059;SAMUEL PAREDES SAEZ;Cierre;Cerrado;2025-10-14 12:10:22;2025-10-14 21:21:43;Visita Data Center de SAMUEL PAREDES SAEZ;Visita Data Center;colocation;Colocation;Mantenimiento cliente;Servicio Colocation;Karen.Reyes;CI1002031;RF414654
SD2676119;SAMUEL PAREDES SAEZ;Closure;Cerrado;2025-10-13 15:14:05;2025-10-17 14:19:18;1599903 UCEN. / paso VLAN´s  Internal LAN a C3;Requerimiento;Servicio Interno;Colocation;Apoyo habilitacion cliente;ProvisionConectividadTI;Ivan.Ariste;CI1002031;RF414383
SD2675790;SAMUEL PAREDES SAEZ;Closure;Cerrado;2025-10-13 13:00:22;2025-11-01 15:17:46;1590052 SPARTA /hABILITACIÒN FORTITOKEN;Requerimiento;Servicio Interno;Colocation;Apoyo habilitacion cliente;ProvisionConectividadTI;Ivan.Ariste;CI1002031;RF414328
SD2675690;SAMUEL PAREDES SAEZ;Closure;Cerrado;2025-10-13 12:32:59;2025-10-18 13:20:45;1590052 DEPORTES SPARTA LTDA/ Apoyo habilitación NAT EQUITYBRFEPERU;Requerimiento;Servicio Interno;Colocation;Apoyo habilitacion cliente;ProvisionConectividadTI;Ivan.Ariste;CI1002031;RF414303
SD2675491;SAMUEL PAREDES SAEZ;Cierre;Cerrado;2025-10-13 12:00:37;2025-10-14 04:16:16;Visita Data Center de SAMUEL PAREDES SAEZ;Visita Data Center;colocation;Colocation;Mantenimiento cliente;Servicio Colocation;Karen.Reyes;CI1002031;RF414282
SD2675456;SAMUEL PAREDES SAEZ;Closure;Cerrado;2025-10-13 11:30:24;2025-10-18 13:20:40;SPARTA NAT Portal EQUITYBRFEPERU;Requerimiento;Servicio Interno;Colocation;Apoyo habilitacion cliente;ProvisionConectividadTI;Ivan.Ariste;CI1002031;RF414273
SD2666222;SAMUEL PAREDES SAEZ;Cierre;Cerrado;2025-10-09 00:00:29;2025-10-09 20:37:22;Visita Data Center de SAMUEL PAREDES SAEZ;Visita Data Center;colocation;Colocation;Mantenimiento cliente;Servicio Colocation;Uriel.Valdes;CI1002031;RF413281
SD2665192;SAMUEL PAREDES SAEZ;Closure;Cerrado;2025-10-08 15:29:10;2025-10-17 14:18:22;paso VLAN 3117 a Plataforma SAPHANA, / py Movimiento VCD ECR_GROUP 1603522, SANDBOX;Requerimiento;Servicio Interno;Colocation;Apoyo habilitacion cliente;ProvisionConectividadTI;Ivan.Ariste;CI1002031;RF413121
SD2660089;SAMUEL PAREDES SAEZ;Cierre;Cerrado;2025-10-08 00:00:29;2025-10-12 04:46:37;Visita Data Center de SAMUEL PAREDES SAEZ;Visita Data Center;colocation;Colocation;ingreso y egreso de componentes;Servicio Colocation;Karen.Reyes;CI1002031;RF412914
SD2663430;SAMUEL PAREDES SAEZ;Closure;Cerrado;2025-10-07 21:00:59;2025-10-19 15:18:01;1603060 FAGASE S.A. // Subir CPE.s a  Fortimanager y FAZ.-;Requerimiento;Servicio Interno;Colocation;Apoyo habilitacion cliente;ProvisionConectividadTI;Alejandro.Carrasco;CI1002031;RF412895
SD2663340;SAMUEL PAREDES SAEZ;Closure;Cerrado;2025-10-07 20:33:34;2025-10-17 19:17:47;Movimiento VCD ECR_GROUP 1603522, SANDBOX;Requerimiento;Servicio Interno;Colocation;Torre SAP;Torre Virtualización;Felipe.Chavez;CI1002031;RF412887
SD2663332;SAMUEL PAREDES SAEZ;Closure;Cerrado;2025-10-07 20:30:42;2025-10-12 15:17:59;Movimiento VCD ECR_GROUP 1603522, SANDBOX;Requerimiento;Servicio Interno;Colocation;Escalamiento Intertorre;Torre Virtualización;Felipe.Chavez;CI1002031;RF412886
SD2663327;SAMUEL PAREDES SAEZ;Closure;Cerrado;2025-10-07 20:28:01;2025-10-17 13:18:31;Movimiento VCD ECR_GROUP 1603522, SANDBOX;Requerimiento;Servicio Interno;Colocation;Apoyo habilitacion cliente;ProvisionConectividadTI;Ivan.Ariste;CI1002031;RF412884
SD2660276;JUAN BARRERA RAMOS;Closure;Cerrado;2025-10-06 16:16:31;2025-10-10 12:17:35;Caja 18 Rack AN04 conexión de Fibras;Requerimiento;Cableado Estructurado;Colocation;Tendido de Fibra Óptica;Servicio de Cableado;Enrique.Parra;CI1002031;RF412453
SD2660019;SAMUEL PAREDES SAEZ;Closure;Cerrado;2025-10-06 15:09:54;2025-10-12 14:17:38;08-10 // B4 10:00 BC61 // 1550901 CARABINEROS Colocation, Aumento DAS BC61 08102025;Requerimiento;Colocation;Colocation;Acompañamiento ingreso / egreso de equipos;Servicio Colocation;Jordan.Munoz;CI1002031;RF412418
SD2660019;SAMUEL PAREDES SAEZ;Closure;Cerrado;2025-10-06 15:01:46;2025-10-10 14:17:55;1550901 CARABINEROS Colocation, Aumento DAS BC61 08102025;Requerimiento;Colocation;Colocation;Ingreso memorias;Operaciones Infraestructura;Gabriel.Salazar;CI1002031;RF412413
SD2485232;SAMUEL PAREDES SAEZ;Cierre;Cerrado;2025-09-25 18:28:32;2025-09-25 21:52:57;Visita Data Center de SAMUEL PAREDES SAEZ;Visita Data Center;colocation;Colocation;Mantenimiento cliente;Servicio Colocation;Karen.Reyes;CI1002031;RF409403
SD2484921;SAMUEL PAREDES SAEZ;Closure;Cerrado;2025-09-25 15:28:19;2025-09-29 15:18:18;Ingreso CPE a FAz/FMg;Requerimiento;Servicio Interno;Colocation;Apoyo habilitacion cliente;ProvisionConectividadTI;Ivan.Ariste;CI1002031;RF409348
SD2480091;SAMUEL PAREDES SAEZ;Cierre;Cerrado;2025-09-25 01:00:46;2025-09-26 06:47:25;Visita Data Center de SAMUEL PAREDES SAEZ;Visita Data Center;colocation;Colocation;Movimiento de equipos;Servicio Colocation;Diego.Constanzo;CI1002031;RF409174
SD2482755;SAMUEL PAREDES SAEZ;Cierre;Cerrado;2025-09-24 19:31:51;2025-09-24 19:44:33;Visita Data Center de SAMUEL PAREDES SAEZ;Visita Data Center;colocation;Colocation;Mantenimiento cliente;Servicio Colocation;Diego.Constanzo;CI1002031;RF409100
SD2482712;SAMUEL PAREDES SAEZ;Closure;Cerrado;2025-09-24 18:58:30;2025-10-02 16:18:08;FAGASE S.A. py 1603060 / Habilitar servicio FortiPortal;Requerimiento;Servicio Interno;Colocation;Apoyo habilitacion cliente;ProvisionConectividadTI;Ivan.Ariste;CI1002031;RF409080
SD2482648;SAMUEL PAREDES SAEZ;Closure;Cerrado;2025-09-24 18:43:37;2025-09-27 20:19:03;FAGASE S.A. py 1603060/ usuario FortiPortal;Requerimiento;Servicio Interno;Colocation;Apoyo habilitacion cliente;Plataforma T3 / Soporte Especializado;elias.iriarte;CI1002031;RF409074
SD2482477;SAMUEL PAREDES SAEZ;Cierre;Cerrado;2025-09-24 17:40:53;2025-09-25 08:04:40;Visita Data Center de SAMUEL PAREDES SAEZ;Visita Data Center;colocation;Colocation;Mantenimiento cliente;Servicio Colocation;Karen.Reyes;CI1002031;RF409052
SD2481668;SAMUEL PAREDES SAEZ;Cierre;Cerrado;2025-09-24 12:40:13;2025-09-24 18:17:06;Visita Data Center de SAMUEL PAREDES SAEZ;Visita Data Center;colocation;Colocation;Mantenimiento cliente;Servicio Colocation;Eugenio.Vargas;CI1002031;RF408898
SD2480085;SAMUEL PAREDES SAEZ;Closure;Cerrado;2025-09-23 20:58:23;2025-09-28 15:17:17;25/09/2025 // 10:00HRS // B4239BC61 CARABINEROS 1550901 colocation.;Requerimiento;Cableado Estructurado;Colocation;Supervisión de Instalación de Cableado;Servicio de Cableado;Marcelo.Martinez;CI1002031;RF408746
SD2480085;SAMUEL PAREDES SAEZ;Closure;Cerrado;2025-09-23 20:55:55;2025-09-29 16:17:58;25/09/2025 // 10:00HRS // B4239BC61 CARABINEROS 1550901 colocation.;Requerimiento;Colocation;Colocation;Modificacion de equipos;Servicio Colocation;Jorge.Jimenez;CI1002031;RF408745
SD2480085;SAMUEL PAREDES SAEZ;Closure;Cerrado;2025-09-23 20:53:53;2025-09-28 18:17:30;25/09/2025 // 10:00HRS // B4239BC61 CARABINEROS 1550901 colocation.;Requerimiento;Colocation;Colocation;Acompañamiento ingreso / egreso de equipos;Soporte N1 Operaciones;Robinson.Gutierrez;CI1002031;RF408744
SD2480155;SAMUEL PAREDES SAEZ;Closure;Cerrado;2025-09-23 20:42:56;2025-10-10 21:17:26;1603060 FAGASE S.A. // Provisión Fortimanager y FAZ;Requerimiento;Servicio Interno;Colocation;Apoyo habilitacion cliente;ProvisionConectividadTI;Alejandro.Carrasco;CI1002031;RF408743
SD2480085;SAMUEL PAREDES SAEZ;Closure;Cerrado;2025-09-23 20:06:39;2025-09-27 20:18:18;25/09/2025 // 10:00HRS // B4239BC61 CARABINEROS 1550901 colocation.;Requerimiento;Colocation;Colocation;Movimiento de equipos;Operaciones Infraestructura;Gabriel.Salazar;CI1002031;RF408737
SD2479336;SAMUEL PAREDES SAEZ;Closure;Cerrado;2025-09-23 14:27:18;2025-09-28 20:18:14;25/09/25 - 15:00 -1598174 SERVICIO NACIONAL DEL CONSUMIDOR / Ordenamiento cableado B3204AT09;Requerimiento;Cableado Estructurado;Colocation;Tendido de Fibra Óptica;Servicio de Cableado;Enrique.Parra;CI1002031;RF408623
SD2477120;SAMUEL PAREDES SAEZ;Cierre;Cerrado;2025-09-22 14:50:26;2025-09-22 21:24:31;Visita Data Center de SAMUEL PAREDES SAEZ;Visita Data Center;colocation;Colocation;Mantenimiento cliente;Servicio Colocation;Karen.Reyes;CI1002031;RF408250
SD2469786;SAMUEL PAREDES SAEZ;Closure;Cerrado;2025-09-17 13:19:29;2025-09-20 16:18:57;CAMARA DE COMERCIO DE SANTIAGO A G py 1598053 / usuario FortiPortal;Requerimiento;Servicio Interno;Colocation;Apoyo habilitacion cliente;Plataforma T3 / Soporte Especializado;Luz.Medina;CI1002031;RF407429
SD2465880;SAMUEL PAREDES SAEZ;Cierre;Cerrado;2025-09-17 00:30:51;2025-09-17 18:14:57;Visita Data Center de SAMUEL PAREDES SAEZ;Visita Data Center;colocation;Colocation;Mantenimiento cliente;Servicio Colocation;Sergio.Adasme;CI1002031;RF407285
SD2412878;SAMUEL PAREDES SAEZ;Cierre;Cerrado;2025-09-17 00:00:34;2025-09-17 23:14:36;Visita Data Center de SAMUEL PAREDES SAEZ;Visita Data Center;colocation;Colocation;Mantenimiento cliente;Servicio Colocation;Sergio.Adasme;CI1002031;RF407277
SD2468205;JUAN BARRERA RAMOS;Cierre;Cerrado;2025-09-16 18:10:12;2025-09-17 03:05:20;Visita Data Center de JUAN BARRERA RAMOS;Visita Data Center;colocation;Colocation;Mantenimiento cliente;Servicio Colocation;Ignacio.Osorio;CI1002031;RF407207
SD2412843;SAMUEL PAREDES SAEZ;Cierre;Cerrado;2025-09-16 00:00:24;2025-09-20 04:02:50;Visita Data Center de SAMUEL PAREDES SAEZ;Visita Data Center;colocation;Colocation;Mantenimiento cliente;Servicio Colocation;Sergio.Adasme;CI1002031;RF406971
SD2450972;SAMUEL PAREDES SAEZ;Cierre;Cerrado;2025-09-15 23:00:44;2025-09-20 04:03:20;Visita Data Center de SAMUEL PAREDES SAEZ;Visita Data Center;colocation;Colocation;Mantenimiento cliente;Servicio Colocation;Robinson.Gutierrez;CI1002031;RF406958
SD2465564;SAMUEL PAREDES SAEZ;Closure;Cerrado;2025-09-15 18:04:31;2025-09-19 12:18:13;DEPORTES SPARTA / Monitoreo trafico VM EQUITYBRSYSAID 10.186.48.27;Requerimiento;Servicio Interno;Colocation;Apoyo habilitacion cliente;ProvisionConectividadTI;Ivan.Ariste;CI1002031;RF406851
SD2465374;SAMUEL PAREDES SAEZ;Closure;Cerrado;2025-09-15 15:59:16;2025-09-25 13:19:42;17-09 // B3 10:00 BB04 // Carga de equipos Open Dcim // ESMAX DISTRIBUCION SPA py 1602411/Ingreso de Equipo;Requerimiento;Colocation;Rack;Carga de equipos;Servicio Colocation;Jorge.Jimenez;CI1316;RF406825
SD2465374;SAMUEL PAREDES SAEZ;Closure;Cerrado;2025-09-15 15:58:15;2025-09-18 18:18:48;ESMAX DISTRIBUCION SPA py 1602411/Ingreso de Equipo;Requerimiento;Cableado Estructurado;Colocation;Supervisión de Instalación de Cableado;Servicio de Cableado;Enrique.Parra;CI1002031;RF406824
SD2465374;SAMUEL PAREDES SAEZ;Closure;Cerrado;2025-09-15 15:55:53;2025-09-19 16:18:37;17-09 // B3 10:00 BB04 // ESMAX DISTRIBUCION SPA py 1602411/Ingreso de Equipo;Requerimiento;Colocation;Colocation;Acompañamiento ingreso / egreso de equipos;Servicio Colocation;Saul.Salazar;CI1002031;RF406823
SD2465374;SAMUEL PAREDES SAEZ;Closure;Cerrado;2025-09-15 15:50:08;2025-09-19 13:18:47;ESMAX DISTRIBUCION SPA py 1602411/Ingreso de Equipo;Requerimiento;Colocation;Rack;Ingreso de equipos;Servicio Colocation;Eugenio.Vargas;CI1316;RF406821
SD2412840;SAMUEL PAREDES SAEZ;Cierre;Cerrado;2025-09-15 00:00:36;2025-09-20 03:49:04;Visita Data Center de SAMUEL PAREDES SAEZ;Visita Data Center;colocation;Colocation;Mantenimiento cliente;Servicio Colocation;Sergio.Adasme;CI1002031;RF406652
SD2459741;JUAN BARRERA RAMOS;Closure;Cerrado;2025-09-12 18:28:52;2025-09-25 13:19:36;17-09 // B3 10:00 BB04 // Carga de equipos Open Dcim // ESMAX//Collocation PA-460;Requerimiento;Colocation;Colocation;Carga de equipos;Servicio Colocation;Jorge.Jimenez;CI1002031;RF406304
SD2459741;JUAN BARRERA RAMOS;Closure;Cerrado;2025-09-12 18:27:49;2025-09-25 15:18:46;RV: ESMAX//Collocation PA-460;Requerimiento;Cableado Estructurado;Colocation;Supervisión de Instalación de Cableado;Servicio de Cableado;Enrique.Parra;CI1002031;RF406303
SD2459741;JUAN BARRERA RAMOS;Closure;Cerrado;2025-09-12 18:26:21;2025-09-20 18:18:19;17-09 // B3 10:00 BB04 //  ESMAX//Collocation PA-460;Requerimiento;Colocation;Colocation;Acompañamiento ingreso / egreso de equipos;Soporte N1 Operaciones;Karen.Reyes;CI1002031;RF406302
SD2459741;JUAN BARRERA RAMOS;Closure;Cerrado;2025-09-12 18:25:24;2025-09-18 16:17:48;RV: ESMAX//Collocation PA-460;Requerimiento;Colocation;Colocation;Ingreso y egreso de equipos;Operaciones Infraestructura;Jorge.Morales;CI1002031;RF406301
SD2459395;SAMUEL PAREDES SAEZ;Closure;Cerrado;2025-09-12 16:43:51;2025-09-19 12:17:50;CAMARA DE COMERCIO DE SANTIAGO A G py 1598053 / Habilitar servicio FortiPortal;Servicios Internos;Proyectos;NULL;Apoyo habilitacion cliente;ProvisionConectividadTI;Alejandro.Carrasco;NULL;RF406286
SD2459005;SAMUEL PAREDES SAEZ;Closure;Cerrado;2025-09-12 14:12:09;2025-09-15 15:20:42;1582312 TERMINAL PACIFICO SUR / Solicitud asignación de 2 interfaces /ORACLE - DRAAS;Requerimiento;Servicio Interno;Colocation;Apoyo habilitacion cliente;Plataforma T3 / Soporte Especializado;Luz.Medina;CI1002031;RF406215
SD2458869;JUAN BARRERA RAMOS;Closure;Cerrado;2025-09-12 13:25:48;2025-09-15 16:21:39;Drive Caja 18 // Sala Storage;Requerimiento;Cableado Estructurado;Colocation;Retiro de Cableado (UTP/FO);Servicio de Cableado;Marcelo.Martinez;CI1002031;RF406193
SD2412835;SAMUEL PAREDES SAEZ;Cierre;Cerrado;2025-09-12 00:00:25;2025-09-12 22:39:43;Visita Data Center de SAMUEL PAREDES SAEZ;Visita Data Center;colocation;Colocation;Mantenimiento cliente;Servicio Colocation;Sergio.Adasme;CI1002031;RF406025
SD2456768;JUAN BARRERA RAMOS;Closure;Cerrado;2025-09-11 17:53:52;2025-09-14 19:19:09;Caja 18 Rack AN04 conexión de Cable de Fibra;Requerimiento;Cableado Estructurado;Colocation;Tendido de Fibra Óptica;Servicio de Cableado;Enrique.Parra;CI1002031;RF405915
SD2455884;SAMUEL PAREDES SAEZ;Closure;Cerrado;2025-09-11 13:25:17;2025-09-14 16:18:41;1603060 FAGASE S.A. / Ingreso de CPE prueba en Fortimanager;Requerimiento;Servicio Interno;Colocation;Apoyo habilitacion cliente;ProvisionConectividadTI;Ivan.Ariste;CI1002031;RF405801
SD2454156;SAMUEL PAREDES SAEZ;Cierre;Cerrado;2025-09-11 05:00:11;2025-09-11 20:14:43;Visita Data Center de SAMUEL PAREDES SAEZ;Visita Data Center;colocation;Colocation;Mantenimiento cliente;Servicio Colocation;Cipriano.Mendez;CI1002031;RF405688
SD2412828;SAMUEL PAREDES SAEZ;Cierre;Cerrado;2025-09-11 00:00:44;2025-09-12 08:17:00;Visita Data Center de SAMUEL PAREDES SAEZ;Visita Data Center;colocation;Colocation;Mantenimiento cliente;Servicio Colocation;Sergio.Adasme;CI1002031;RF405625
SD2453868;JUAN BARRERA RAMOS;Closure;Cerrado;2025-09-10 17:25:55;2025-09-14 14:18:26;Caja 18/ Pausar Respaldos;Requerimiento;Servicio Interno;Colocation;Escalamiento Intertorre;Torre Respaldos;Pablo.Zbinden;CI1002031;RF405497
SD2412821;SAMUEL PAREDES SAEZ;Cierre;Cerrado;2025-09-10 00:00:13;2025-09-10 22:49:17;Visita Data Center de SAMUEL PAREDES SAEZ;Visita Data Center;colocation;Colocation;Mantenimiento cliente;Servicio Colocation;Sergio.Adasme;CI1002031;RF405236
SD2449347;JUAN BARRERA RAMOS;Closure;Cerrado;2025-09-09 13:48:35;2025-09-14 19:18:15;Caja 18// Zonificación de Nuevo Veritas;Requerimiento;Servicio Interno;Colocation;Torre Storage;Torre Storage;Ricardo.Ramos;CI1002031;RF404990
SD2449255;JUAN BARRERA RAMOS;Closure;Cerrado;2025-09-09 13:15:32;2025-09-12 15:19:43;Manos Remotas Veritas Rack AN04 Sala B3;Requerimiento;Cableado Estructurado;Colocation;Ordenamiento de Cableado;Servicio de Cableado;Marcelo.Martinez;CI1002031;RF404971
SD2412815;SAMUEL PAREDES SAEZ;Cierre;Cerrado;2025-09-09 00:00:02;2025-09-09 20:18:46;Visita Data Center de SAMUEL PAREDES SAEZ;Visita Data Center;colocation;Colocation;Mantenimiento cliente;Servicio Colocation;Karen.Reyes;CI1002031;RF404813
SD2447525;SAMUEL PAREDES SAEZ;Solicitud de Ticket;Abierto;2025-09-08 21:47:11;NULL;1590052 DEPORTES SPARTA LTDA/Apoyo configuración NAT;Requerimiento;Servicio Interno;Colocation;Apoyo habilitacion cliente;ProvisionVirtualizacionTI;NULL;CI1002031;RF404784
SD2447519;SAMUEL PAREDES SAEZ;Closure;Cerrado;2025-09-08 21:43:53;2025-09-14 17:17:55;1590052 DEPORTES SPARTA LTDA/Apoyo configuración NAT;Requerimiento;Servicio Interno;Colocation;Apoyo habilitacion cliente;ProvisionConectividadTI;Ivan.Ariste;CI1002031;RF404782
SD2447464;SAMUEL PAREDES SAEZ;Closure;Cerrado;2025-09-08 21:12:21;2025-09-14 17:17:51;1603060 FAGASE S.A. // Provisión Fortimanager y FAZ.-;Requerimiento;Servicio Interno;Colocation;Apoyo habilitacion cliente;ProvisionConectividadTI;Ivan.Ariste;CI1002031;RF404778
SD2446768;SAMUEL PAREDES SAEZ;Closure;Cerrado;2025-09-08 15:22:25;2025-09-14 18:17:49;1598174 SERVICIO NACIONAL DEL CONSUMIDOR / Ordenamiento cableado B3204AT09;Requerimiento;Cableado Estructurado;Colocation;Tendido de Fibra Óptica;Servicio de Cableado;Enrique.Parra;CI1002031;RF404615
SD2412669;SAMUEL PAREDES SAEZ;Cierre;Cerrado;2025-09-08 00:00:20;2025-09-08 21:03:15;Visita Data Center de SAMUEL PAREDES SAEZ;Visita Data Center;colocation;Colocation;Mantenimiento cliente;Servicio Colocation;Karen.Reyes;CI1002031;RF404423
SD2439132;SAMUEL PAREDES SAEZ;Trabajo en Progreso;Abierto;2025-09-05 00:20:35;NULL;SPARTA, Adecuación recursos VM VMEQDOCKER;Requerimiento;Servicio Interno;Colocation;Apoyo habilitacion cliente;ProvisionVirtualizacionTI;NULL;CI1002031;RF403779
SD2410146;SAMUEL PAREDES SAEZ;Cierre;Cerrado;2025-09-05 00:00:22;2025-09-05 21:36:20;Visita Data Center de SAMUEL PAREDES SAEZ;Visita Data Center;colocation;Colocation;Mantenimiento cliente;Servicio Colocation;Sergio.Adasme;CI1002031;RF403767
SD2437677;SAMUEL PAREDES SAEZ;Solicitud de Ticket;Abierto;2025-09-04 15:43:51;NULL;Reunión SPARTA  coordinación actividades NAT Portales Sparta.;Requerimiento;Servicio Interno;Colocation;Apoyo habilitacion cliente;ProvisionVirtualizacionTI;NULL;CI1002031;RF403582
SD2437656;SAMUEL PAREDES SAEZ;Closure;Cerrado;2025-09-04 15:34:56;2025-09-11 17:17:44;Reunión SPARTA  coordinación actividades NAT Portales Sparta.;Requerimiento;Servicio Interno;Colocation;Apoyo habilitacion cliente;ProvisionConectividadTI;Ivan.Ariste;CI1002031;RF403578
SD2410142;SAMUEL PAREDES SAEZ;Cierre;Cerrado;2025-09-04 00:00:07;2025-09-04 21:30:47;Visita Data Center de SAMUEL PAREDES SAEZ;Visita Data Center;colocation;Colocation;Mantenimiento cliente;Servicio Colocation;Sergio.Adasme;CI1002031;RF403253
SD2434347;SAMUEL PAREDES SAEZ;Cierre;Cerrado;2025-09-03 13:50:45;2025-09-03 23:56:59;Visita Data Center de SAMUEL PAREDES SAEZ;Visita Data Center;colocation;Colocation;Mantenimiento cliente;Servicio Colocation;Karen.Reyes;CI1002031;RF403026
SD2408689;SAMUEL PAREDES SAEZ;Cierre;Cerrado;2025-09-03 02:26:23;2025-09-06 07:35:58;Visita Data Center de SAMUEL PAREDES SAEZ;Visita Data Center;colocation;Colocation;Mantenimiento cliente;Servicio Colocation;Karen.Reyes;CI1002031;RF402910
SD2431824;JUAN BARRERA RAMOS;Cierre;Cerrado;2025-09-02 19:50:43;2025-09-06 07:36:45;Visita Data Center de JUAN BARRERA RAMOS;Visita Data Center;colocation;Colocation;Mantenimiento cliente;Servicio Colocation;Karen.Reyes;CI1002031;RF402863
SD2427276;SAMUEL PAREDES SAEZ;Cierre;Cerrado;2025-09-02 01:30:50;2025-09-03 11:20:33;Visita Data Center de SAMUEL PAREDES SAEZ;Visita Data Center;colocation;Colocation;Mantenimiento cliente;Servicio Colocation;Karen.Reyes;CI1002031;RF402585
SD2408629;SAMUEL PAREDES SAEZ;Cierre;Cerrado;2025-09-02 00:00:12;2025-09-02 21:32:41;Visita Data Center de SAMUEL PAREDES SAEZ;Visita Data Center;colocation;Colocation;Mantenimiento cliente;Servicio Colocation;Karen.Reyes;CI1002031;RF402564
SD2408624;SAMUEL PAREDES SAEZ;Cierre;Cerrado;2025-09-01 00:00:32;2025-09-01 23:47:28;Visita Data Center de SAMUEL PAREDES SAEZ;Visita Data Center;colocation;Colocation;Mantenimiento cliente;Servicio Colocation;Karen.Reyes;CI1002031;RF402219
SD2420014;SAMUEL PAREDES SAEZ;Closure;Cerrado;2025-08-30 01:06:31;2025-09-04 19:18:20;02/09/2025 // 10:00HRS // B4239BC61 CARABINEROS // Supervisión de Instalación de Cableado;Requerimiento;Cableado Estructurado;Colocation;Supervisión de Instalación de Cableado;Servicio de Cableado;Enrique.Parra;CI1002031;RF401932
SD2420014;SAMUEL PAREDES SAEZ;Closure;Cerrado;2025-08-30 01:02:53;2025-09-04 16:18:59;02/09/2025 // 10:00HRS // B4239BC61 CARABINEROS 1550901 colocation.;Requerimiento;Colocation;Colocation;Ingreso y egreso de equipos;Operaciones Infraestructura;Jorge.Morales;CI1002031;RF401930
SD2420014;SAMUEL PAREDES SAEZ;Closure;Cerrado;2025-08-30 01:01:50;2025-09-06 13:17:22;02/09/2025 // 10:00HRS // B4239BC61 CARABINEROS 1550901 colocation. // OPENDCIM;Requerimiento;Colocation;Colocation;Acompañamiento ingreso / egreso de equipos;Soporte N1 Operaciones;Jorge.Jimenez;CI1002031;RF401929
SD2420014;SAMUEL PAREDES SAEZ;Closure;Cerrado;2025-08-29 22:20:01;2025-09-05 19:17:23;02/09/2025 // 10:00HRS // B4239BC61 CARABINEROS 1550901 colocation.;Requerimiento;Colocation;Colocation;Acompañamiento ingreso / egreso de equipos;Soporte N1 Operaciones;Jordan.Munoz;CI1002031;RF401894
SD2405542;SAMUEL PAREDES SAEZ;Cierre;Cerrado;2025-08-29 00:00:28;2025-08-30 06:23:45;Visita Data Center de SAMUEL PAREDES SAEZ;Visita Data Center;colocation;Colocation;Mantenimiento cliente;Servicio Colocation;Karen.Reyes;CI1002031;RF401604
SD2415406;SAMUEL PAREDES SAEZ;Cierre;Cerrado;2025-08-28 16:10:37;2025-08-28 18:26:30;Visita Data Center de SAMUEL PAREDES SAEZ;Visita Data Center;colocation;Colocation;Mantenimiento cliente;Servicio Colocation;Karen.Reyes;CI1002031;RF401481
SD2406627;SAMUEL PAREDES SAEZ;Cierre;Cerrado;2025-08-28 02:00:23;2025-08-28 23:02:07;Visita Data Center de SAMUEL PAREDES SAEZ;Visita Data Center;colocation;Colocation;Mantenimiento cliente;Servicio Colocation;Sergio.Adasme;CI1002031;RF401316
SD2412928;SAMUEL PAREDES SAEZ;Cierre;Cerrado;2025-08-28 01:30:40;2025-08-28 17:29:50;Visita Data Center de SAMUEL PAREDES SAEZ;Visita Data Center;colocation;Colocation;Mantenimiento cliente;Servicio Colocation;Sergio.Adasme;CI1002031;RF401311
SD2405528;SAMUEL PAREDES SAEZ;Cierre;Cerrado;2025-08-28 00:00:40;2025-08-28 18:24:25;Visita Data Center de SAMUEL PAREDES SAEZ;Visita Data Center;colocation;Colocation;Mantenimiento cliente;Servicio Colocation;Karen.Reyes;CI1002031;RF401296
SD2405520;SAMUEL PAREDES SAEZ;Cierre;Cerrado;2025-08-27 00:00:37;2025-08-28 06:05:40;Visita Data Center de SAMUEL PAREDES SAEZ;Visita Data Center;colocation;Colocation;Mantenimiento cliente;Servicio Colocation;Karen.Reyes;CI1002031;RF400941
SD2408855;JUAN BARRERA RAMOS;Closure;Cerrado;2025-08-26 14:05:37;2025-08-30 16:17:28;TIER1 // CRUZADA DESDE SALA NODO;Requerimiento;Cableado Estructurado;Colocation;Tendido de Fibra Óptica;Servicio de Cableado;Marcelo.Martinez;CI1002031;RF400717
SD2405514;SAMUEL PAREDES SAEZ;Cierre;Cerrado;2025-08-26 00:01:00;2025-08-27 06:41:29;Visita Data Center de SAMUEL PAREDES SAEZ;Visita Data Center;colocation;Colocation;Mantenimiento cliente;Servicio Colocation;Karen.Reyes;CI1002031;RF400575
SD2407007;SAMUEL PAREDES SAEZ;Closure;Cerrado;2025-08-25 22:56:38;2025-09-01 16:17:56;28-08-2025 // 10:00HRS // B4239BC61 // EGRESO OPENDICM //Dir. Log. CARABINEROS 1550901 colocation.;Requerimiento;Colocation;Colocation;Acompañamiento ingreso / egreso de equipos;Soporte N1 Operaciones;Jorge.Jimenez;CI1002031;RF400565
SD2407007;SAMUEL PAREDES SAEZ;Closure;Cerrado;2025-08-25 22:54:45;2025-08-30 13:17:44;28-08-2025 // 10:00HRS // B4239BC61 // EGRESO // CARABINEROS 1550901 // CABLEADO;Requerimiento;Cableado Estructurado;Colocation;Supervisión de Instalación de Cableado;Servicio de Cableado;Enrique.Parra;CI1002031;RF400564
SD2407007;SAMUEL PAREDES SAEZ;Closure;Cerrado;2025-08-25 22:52:36;2025-08-29 14:19:16;28-08-2025 // 10:00HRS // B4239BC61 // EGRESO //Dir. Log. CARABINEROS 1550901 colocation.;Requerimiento;Colocation;Colocation;Ingreso y egreso de equipos;Operaciones Infraestructura;Jorge.Morales;CI1002031;RF400563
SD2407007;SAMUEL PAREDES SAEZ;Closure;Cerrado;2025-08-25 21:54:17;2025-09-01 14:17:15;28-08-2025 // 10:00HRS // B4239BC61 // EGRESO //Dir. Log. CARABINEROS 1550901 colocation.;Requerimiento;Colocation;Colocation;Acompañamiento ingreso / egreso de equipos;Soporte N1 Operaciones;Ignacio.Osorio;CI1002031;RF400556
SD2406158;SAMUEL PAREDES SAEZ;Closure;Cerrado;2025-08-25 16:06:05;2025-08-31 13:17:28;1581810 SPARKOO / Tendido FO Bodega Huawei - B3;Requerimiento;Cableado Estructurado;Colocation;Ordenamiento de Cableado;Servicio de Cableado;Marcelo.Martinez;CI1002031;RF400433
SD2405498;SAMUEL PAREDES SAEZ;Cierre;Cerrado;2025-08-25 13:00:51;2025-08-26 06:11:20;Visita Data Center de SAMUEL PAREDES SAEZ;Visita Data Center;colocation;Colocation;Mantenimiento cliente;Servicio Colocation;Karen.Reyes;CI1002031;RF400335
SD2401238;JUAN BARRERA RAMOS;Cierre;Cerrado;2025-08-23 16:22:05;2025-08-24 01:45:23;Visita Data Center de JUAN BARRERA RAMOS;Visita Data Center;colocation;Colocation;Mantenimiento cliente;Servicio Colocation;Sergio.Adasme;CI1002031;RF400057
SD2400880;SAMUEL PAREDES SAEZ;Cierre;Cerrado;2025-08-23 12:51:21;2025-08-24 06:39:01;ingreso personal de sernac;Visita Data Center;colocation;Colocation;Mantenimiento cliente;Servicio Colocation;Sergio.Adasme;CI1002031;RF400030
SD2398096;SAMUEL PAREDES SAEZ;Cierre;Cerrado;2025-08-22 16:40:11;2025-08-25 04:36:50;Visita Data Center de SAMUEL PAREDES SAEZ;Visita Data Center;colocation;Colocation;Mantenimiento cliente;Servicio Colocation;Robinson.Gutierrez;CI1002031;RF399827
SD2394311;SAMUEL PAREDES SAEZ;Cierre;Cerrado;2025-08-22 11:00:17;2025-08-23 15:41:19;Visita Data Center de SAMUEL PAREDES SAEZ;Visita Data Center;colocation;Colocation;Mantenimiento cliente;Servicio Colocation;Daniel.Cifuentes;CI1002031;RF399689
SD2383506;SAMUEL PAREDES SAEZ;Cierre;Cerrado;2025-08-22 00:00:23;2025-08-25 04:32:36;Visita Data Center de SAMUEL PAREDES SAEZ;Visita Data Center;colocation;Colocation;Mantenimiento cliente;Servicio Colocation;Karen.Reyes;CI1002031;RF399571
SD2389553;SAMUEL PAREDES SAEZ;Closure;Cerrado;2025-08-21 16:35:09;2025-08-28 13:17:42;SERNAC 1598174 Solicitud INGRESO de equipos B3204AT09;Requerimiento;Cableado Estructurado;Colocation;Supervisión de Instalación de Cableado;Servicio de Cableado;Marcelo.Martinez;CI1002031;RF399436
SD2389553;SAMUEL PAREDES SAEZ;Closure;Cerrado;2025-08-21 16:33:49;2025-08-28 15:06:35;22-08 // Carga de equipos Open Dcim // SERNAC 1598174 Solicitud INGRESO de equipos B3204AT09;Requerimiento;Colocation;Colocation;Carga de equipos;Servicio Colocation;Jorge.Jimenez;CI1002031;RF399434
SD2389494;SAMUEL PAREDES SAEZ;Closure;Cerrado;2025-08-21 12:39:26;2025-08-28 15:07:05;22-08 // Carga de equipos Open Dcim // SERNAC 1598174 solicitud EGRESO equipos B3204AX04;Requerimiento;Colocation;Colocation;Carga de equipos;Servicio Colocation;Jorge.Jimenez;CI1002031;RF399311
SD2383484;SAMUEL PAREDES SAEZ;Cierre;Cerrado;2025-08-21 00:00:26;2025-08-21 21:13:10;Visita Data Center de SAMUEL PAREDES SAEZ;Visita Data Center;colocation;Colocation;Mantenimiento cliente;Servicio Colocation;Karen.Reyes;CI1002031;RF399178
SD2389561;SAMUEL PAREDES SAEZ;Closure;Cerrado;2025-08-20 22:27:09;2025-08-23 23:17:43;22-08 // DCIM VDC  Carga de equipos // SERNAC 1598174 ingreso equipos colocation B3204AT09;Requerimiento;Servicio Interno;Colocation;Carga de equipos;Servicio Colocation;Jorge.Jimenez;CI1002031;RF399158
SD2389561;SAMUEL PAREDES SAEZ;Closure;Cerrado;2025-08-20 16:48:19;2025-08-29 14:18:20;22-08 // OpenDCIM Carga de equipos // SERNAC 1598174 ingreso equipos colocation B3204AT09;Requerimiento;Servicio Interno;Colocation;Carga de equipos;Servicio Colocation;Jorge.Jimenez;CI1002031;RF399059
SD2389561;SAMUEL PAREDES SAEZ;Closure;Cerrado;2025-08-20 16:42:58;2025-08-26 19:17:46;22-08 // B3 AT09 20:00 // SERNAC 1598174 ingreso equipos colocation B3204AT09;Requerimiento;Colocation;Colocation;Acompañamiento ingreso / egreso de equipos;Servicio Colocation;Robinson.Gutierrez;CI1002031;RF399056
SD2389553;SAMUEL PAREDES SAEZ;Closure;Cerrado;2025-08-20 16:37:17;2025-08-26 19:17:39;22-08 // B3 20:00 AT09 // SERNAC 1598174 Solicitud INGRESO de equipos B3204AT09;Requerimiento;Colocation;Colocation;Acompañamiento ingreso / egreso de equipos;Servicio Colocation;Robinson.Gutierrez;CI1002031;RF399051
SD2389561;SAMUEL PAREDES SAEZ;Closure;Cerrado;2025-08-20 16:27:13;2025-08-23 19:18:36;SERNAC 1598174 ingreso equipos colocation B3204AT09;Requerimiento;Colocation;Colocation;Ingreso de equipos;Operaciones Infraestructura;Jorge.Morales;CI1002031;RF399043
SD2389553;SAMUEL PAREDES SAEZ;Closure;Cerrado;2025-08-20 16:21:36;2025-08-23 19:18:30;SERNAC 1598174 Solicitud INGRESO de equipos B3204AT09;Requerimiento;Colocation;Colocation;Ingreso de equipos;Operaciones Infraestructura;Jorge.Morales;CI1002031;RF399041
SD2389494;SAMUEL PAREDES SAEZ;Closure;Cerrado;2025-08-20 16:08:31;2025-08-28 13:17:31;SERNAC 1598174 solicitud EGRESO equipos B3204AX04;Requerimiento;Cableado Estructurado;Colocation;Supervisión de Instalación de Cableado;Servicio de Cableado;Marcelo.Martinez;CI1002031;RF399035
SD2389494;SAMUEL PAREDES SAEZ;Closure;Cerrado;2025-08-20 16:05:51;2025-08-26 19:17:30;22-8 // B3 20:00 AX04-AT09 // SERNAC 1598174 solicitud EGRESO equipos B3204AX04;Requerimiento;Colocation;Colocation;Acompañamiento ingreso / egreso de equipos;Servicio Colocation;Robinson.Gutierrez;CI1002031;RF399034
SD2389494;SAMUEL PAREDES SAEZ;Closure;Cerrado;2025-08-20 15:57:40;2025-08-23 18:17:52;SERNAC 1598174 solicitud EGRESO equipos B3204AX04;Requerimiento;Colocation;Colocation;Egreso de equipos;Operaciones Infraestructura;Jorge.Morales;CI1002031;RF399030
SD2383481;SAMUEL PAREDES SAEZ;Cierre;Cerrado;2025-08-20 00:00:42;2025-08-21 06:27:01;Visita Data Center de SAMUEL PAREDES SAEZ;Visita Data Center;colocation;Colocation;Mantenimiento cliente;Servicio Colocation;Karen.Reyes;CI1002031;RF398804
SD2386840;SAMUEL PAREDES SAEZ;Closure;Cerrado;2025-08-19 15:56:11;2025-08-22 19:18:53;Solicitud de acceso  a DCH, personal Globaldata /Cli. TPS;Requerimiento;TR Colocation;Colocation;Mantenimiento cliente;Soporte N1 Operaciones;Karen.Reyes;CI1002031;RF398652
SD2383476;SAMUEL PAREDES SAEZ;Cierre;Cerrado;2025-08-19 00:00:35;2025-08-20 07:51:13;Visita Data Center de SAMUEL PAREDES SAEZ;Visita Data Center;colocation;Colocation;Mantenimiento cliente;Servicio Colocation;Karen.Reyes;CI1002031;RF398444
SD2383469;SAMUEL PAREDES SAEZ;Cierre;Cerrado;2025-08-18 15:30:22;2025-08-18 21:51:13;Visita Data Center de SAMUEL PAREDES SAEZ;Visita Data Center;colocation;Colocation;Mantenimiento cliente;Servicio Colocation;Karen.Reyes;CI1002031;RF398239
SD2367048;SAMUEL PAREDES SAEZ;Cierre;Cerrado;2025-08-15 00:00:14;2025-08-16 09:00:28;Visita Data Center de SAMUEL PAREDES SAEZ;Visita Data Center;colocation;Colocation;Mantenimiento cliente;Servicio Colocation;Karen.Reyes;CI1002031;RF397607
SD2367454;SAMUEL PAREDES SAEZ;Cierre;Cerrado;2025-08-14 12:00:38;2025-08-15 04:13:31;Visita Data Center de SAMUEL PAREDES SAEZ;Visita Data Center;colocation;Colocation;Mantenimiento cliente;Servicio Colocation;Karen.Reyes;CI1002031;RF397379
SD2366776;SAMUEL PAREDES SAEZ;Cierre;Cerrado;2025-08-14 00:00:52;2025-08-14 19:08:54;Visita Data Center de SAMUEL PAREDES SAEZ;Visita Data Center;colocation;Colocation;Mantenimiento cliente;Servicio Colocation;Karen.Reyes;CI1002031;RF397274
SD2367294;SAMUEL PAREDES SAEZ;Cierre;Cerrado;2025-08-13 03:01:00;2025-08-13 20:01:33;Visita Data Center de SAMUEL PAREDES SAEZ;Visita Data Center;colocation;Colocation;Mantenimiento cliente;Servicio Colocation;Karen.Reyes;CI1002031;RF396935
SD2366698;SAMUEL PAREDES SAEZ;Cierre;Cerrado;2025-08-13 00:00:48;2025-08-13 21:48:23;Visita Data Center de SAMUEL PAREDES SAEZ;Visita Data Center;colocation;Colocation;Mantenimiento cliente;Servicio Colocation;Karen.Reyes;CI1002031;RF396892
SD2370584;SAMUEL PAREDES SAEZ;Closure;Cerrado;2025-08-12 16:41:12;2025-08-15 21:18:09;1598174, SERNAC. solicitud cotización y Cruzada Tipo 4: Sala Nodo a Sala Blanca;Requerimiento;Cableado Estructurado;Colocation;Tendido de Fibra Óptica;Servicio de Cableado;Enrique.Parra;CI1002031;RF396707
SD2366451;SAMUEL PAREDES SAEZ;Cierre;Cerrado;2025-08-12 00:00:30;2025-08-12 20:07:04;Visita Data Center de SAMUEL PAREDES SAEZ;Visita Data Center;colocation;Colocation;Mantenimiento cliente;Servicio Colocation;Karen.Reyes;CI1002031;RF396461
SD2367887;SAMUEL PAREDES SAEZ;Closure;Cerrado;2025-08-11 18:00:01;2025-08-18 20:17:18;14-08 22:00hrs. B3 AX04 // SERNAC //Solicitud acompañamiento personal energia;Requerimiento;Colocation;Colocation;Acompañamiento ingreso / egreso de equipos;Servicio Colocation;Sergio.Adasme;CI1002031;RF396335
SD2367887;SAMUEL PAREDES SAEZ;Closure;Cerrado;2025-08-11 16:57:53;2025-08-14 23:17:53;14-08 // SERNAC //Solicitud acompañamiento personal energia;Requerimiento;Colocation;Colocation;Desenergizacion de equipos;Operaciones Infraestructura;Jorge.Morales;CI1002031;RF396312
SD2366349;SAMUEL PAREDES SAEZ;Cierre;Cerrado;2025-08-11 13:00:29;2025-08-11 21:37:58;Visita Data Center de SAMUEL PAREDES SAEZ;Visita Data Center;colocation;Colocation;Mantenimiento cliente;Servicio Colocation;Karen.Reyes;CI1002031;RF396192
SD2345020;SAMUEL PAREDES SAEZ;Cierre;Cerrado;2025-08-08 00:00:53;2025-08-08 20:13:26;Visita Data Center de SAMUEL PAREDES SAEZ;Visita Data Center;colocation;Colocation;Mantenimiento cliente;Servicio Colocation;Karen.Reyes;CI1002031;RF395474
SD2348184;SAMUEL PAREDES SAEZ;Cierre;Cerrado;2025-08-07 02:00:54;2025-08-07 17:43:53;Visita Data Center de SAMUEL PAREDES SAEZ;Visita Data Center;colocation;Colocation;Mantenimiento cliente;Servicio Colocation;Sergio.Adasme;CI1002031;RF395120
SD2345004;SAMUEL PAREDES SAEZ;Cierre;Cerrado;2025-08-07 00:00:37;2025-08-08 03:22:21;Visita Data Center de SAMUEL PAREDES SAEZ;Visita Data Center;colocation;Colocation;Mantenimiento cliente;Servicio Colocation;Karen.Reyes;CI1002031;RF395095
SD2351030;SAMUEL PAREDES SAEZ;Closure;Cerrado;2025-08-06 15:57:27;2025-08-10 19:18:09;Solicitud acceso DCH (Ufinet) Magnus1 rack16 y Claro3 rack5;Requerimiento;colocation;Colocation;Informe especial;Servicio Colocation;Karen.Reyes;CI1002031;RF394904
SD2344978;SAMUEL PAREDES SAEZ;Cierre;Cerrado;2025-08-06 00:00:13;2025-08-06 23:38:24;Visita Data Center de SAMUEL PAREDES SAEZ;Visita Data Center;colocation;Colocation;Mantenimiento cliente;Servicio Colocation;Karen.Reyes;CI1002031;RF394710
SD2348687;JUAN BARRERA RAMOS;Cierre;Cerrado;2025-08-05 19:10:24;2025-08-06 01:59:04;Visita Data Center de JUAN BARRERA RAMOS;Visita Data Center;colocation;Colocation;Mantenimiento cliente;Servicio Colocation;Karen.Reyes;CI1002031;RF394632
SD2344944;SAMUEL PAREDES SAEZ;Cierre;Cerrado;2025-08-05 00:00:39;2025-08-05 21:26:40;Visita Data Center de SAMUEL PAREDES SAEZ;Visita Data Center;colocation;Colocation;Mantenimiento cliente;Servicio Colocation;Sergio.Adasme;CI1002031;RF394405
SD2345468;SAMUEL PAREDES SAEZ;Closure;Cerrado;2025-08-04 15:12:20;2025-08-05 16:21:16;TPS, 1582312 / MANOS REMOTAS, RACK 16 DCH;Requerimiento;TR Colocation;Colocation;Revision visual;Soporte N1 Operaciones;Karen.Reyes;CI1002031;RF394199
SD2345358;JUAN BARRERA RAMOS;Closure;Cerrado;2025-08-04 14:34:21;2025-08-07 17:17:56;Caja 18// VPN SSL;Requerimiento;Servicio Interno;Colocation;Revision de conectividad;ProvisionConectividadTI;Ivan.Ariste;CI1002031;RF394185
SD2345335;JUAN BARRERA RAMOS;Closure;Cerrado;2025-08-04 14:25:22;2025-08-07 17:17:47;Hernandez Motores confirmación de 2K;Requerimiento;Servicio Interno;Colocation;Revision de conectividad;ProvisionConectividadTI;Ivan.Ariste;CI1002031;RF394181
SD2344929;SAMUEL PAREDES SAEZ;Cierre;Cerrado;2025-08-04 12:50:15;2025-08-04 23:49:14;Visita Data Center de SAMUEL PAREDES SAEZ;Visita Data Center;colocation;Colocation;Mantenimiento cliente;Servicio Colocation;Sergio.Adasme;CI1002031;RF394139
SD2319286;SAMUEL PAREDES SAEZ;Cierre;Cerrado;2025-08-01 00:00:37;2025-08-01 23:16:34;Visita Data Center de SAMUEL PAREDES SAEZ;Visita Data Center;colocation;Colocation;Mantenimiento cliente;Servicio Colocation;Robinson.Gutierrez;CI1002031;RF393555
SD2319278;SAMUEL PAREDES SAEZ;Cierre;Cerrado;2025-07-31 00:00:43;2025-07-31 21:55:34;Visita Data Center de SAMUEL PAREDES SAEZ;Visita Data Center;colocation;Colocation;Mantenimiento cliente;Servicio Colocation;Robinson.Gutierrez;CI1002031;RF393220
SD2329473;JUAN BARRERA RAMOS;Cierre;Cerrado;2025-07-30 13:30:33;2025-07-30 16:35:33;Visita Data Center de JUAN BARRERA RAMOS;Visita Data Center;colocation;Colocation;Mantenimiento cliente;Servicio Colocation;Karen.Reyes;CI1002031;RF392957
SD2319270;SAMUEL PAREDES SAEZ;Cierre;Cerrado;2025-07-30 00:00:50;2025-07-30 21:25:18;Visita Data Center de SAMUEL PAREDES SAEZ;Visita Data Center;colocation;Colocation;Mantenimiento cliente;Servicio Colocation;Robinson.Gutierrez;CI1002031;RF392848
SD2327085;JUAN BARRERA RAMOS;Cierre;Cerrado;2025-07-29 17:50:34;2025-07-30 07:43:46;Visita Data Center de JUAN BARRERA RAMOS;Visita Data Center;colocation;Colocation;Mantenimiento cliente;Servicio Colocation;Daniel.Cifuentes;CI1002031;RF392736
SD2319259;SAMUEL PAREDES SAEZ;Cierre;Cerrado;2025-07-29 00:00:01;2025-07-29 23:27:02;Visita Data Center de SAMUEL PAREDES SAEZ;Visita Data Center;colocation;Colocation;Mantenimiento cliente;Servicio Colocation;Robinson.Gutierrez;CI1002031;RF392509
SD2317071;SAMUEL PAREDES SAEZ;Closure;Cerrado;2025-07-28 20:55:19;2025-08-01 16:18:17;nar tarea a1598174 SERVICIO NACIONAL DEL CONSUMIDOR / Solicitud cotizaciones Factibilidad  WHMO00359;Requerimiento;Servicio Interno;Colocation;Torre Capacidad;Operaciones Infraestructura;Dabiana.Carrero;CI1002031;RF392463
SD2319216;SAMUEL PAREDES SAEZ;Cierre;Cerrado;2025-07-28 00:00:33;2025-07-28 20:55:52;Visita Data Center de SAMUEL PAREDES SAEZ;Visita Data Center;colocation;Colocation;Mantenimiento cliente;Servicio Colocation;Robinson.Gutierrez;CI1002031;RF392197
SD2319982;JUAN BARRERA RAMOS;Closure;Cerrado;2025-07-25 20:10:40;2025-08-01 06:18:03;CAJA 18// Pruebas de FW;Requerimiento;Servicio Interno;Colocation;Revision de conectividad;ProvisionConectividadTI;Alejandro.Carrasco;CI1002031;RF391919
SD2301968;SAMUEL PAREDES SAEZ;Cierre;Cerrado;2025-07-25 00:00:07;2025-07-25 23:50:43;Visita Data Center de SAMUEL PAREDES SAEZ;Visita Data Center;colocation;Colocation;Mantenimiento cliente;Servicio Colocation;Guillermo.Vega;CI1002031;RF391672
SD2317071;SAMUEL PAREDES SAEZ;Closure;Cerrado;2025-07-24 20:15:00;2025-08-29 13:17:40;nar tarea a1598174 SERVICIO NACIONAL DEL CONSUMIDOR / Solicitud cotizaciones Factibilidad  WHMO00359;Requerimiento;Servicio Interno;Colocation;Torre Capacidad;Capacidad;Nicolas.Salazar;CI1002031;RF391635
SD2317013;SAMUEL PAREDES SAEZ;Closure;Cerrado;2025-07-24 20:04:24;2025-07-27 22:18:36; 1590052 DEPORTES SPARTA LTDA / apoyo habilitaciòn cliente  /agregar IPs públicas;Requerimiento;Servicio Interno;Colocation;Apoyo habilitacion cliente;ProvisionConectividadTI;Ivan.Ariste;CI1002031;RF391628
SD2316876;SAMUEL PAREDES SAEZ;Closure;Cerrado;2025-07-24 19:46:24;2025-08-01 14:17:46;1590052 DEPORTES SPARTA LTDA / Solicitud Apoyo habilitacion cliente;Requerimiento;Servicio Interno;Colocation;Apoyo habilitacion cliente;ProvisionConectividadTI;Ivan.Ariste;CI1002031;RF391624
SD2316458;JUAN BARRERA RAMOS;Cierre;Cerrado;2025-07-24 18:50:26;2025-07-24 23:00:15;Visita Data Center de JUAN BARRERA RAMOS;Visita Data Center;colocation;Colocation;Mantenimiento cliente;Servicio Colocation;Karen.Reyes;CI1002031;RF391602
SD2301967;SAMUEL PAREDES SAEZ;Cierre;Cerrado;2025-07-24 00:00:34;2025-07-24 20:38:08;Visita Data Center de SAMUEL PAREDES SAEZ;Visita Data Center;colocation;Colocation;Mantenimiento cliente;Servicio Colocation;Guillermo.Vega;CI1002031;RF391401
SD2313456;SAMUEL PAREDES SAEZ;Closure;Cerrado;2025-07-23 19:21:41;2025-08-01 14:17:40;1590052 DEPORTES SPARTA LTDA / Habilitar LDAP 150 Lic VPN;Requerimiento;Servicio Interno;Colocation;Apoyo habilitacion cliente;ProvisionConectividadTI;Ivan.Ariste;CI1002031;RF391345
SD2313420;SAMUEL PAREDES SAEZ;Closure;Cerrado;2025-07-23 19:04:34;2025-07-27 21:18:28; 1590052 DEPORTES SPARTA LTDA / Habilitación 10 IPs públicas;Requerimiento;Servicio Interno;Colocation;Apoyo habilitacion cliente;ProvisionConectividadTI;Ivan.Ariste;CI1002031;RF391338
SD2301963;SAMUEL PAREDES SAEZ;Cierre;Cerrado;2025-07-23 00:00:50;2025-07-24 07:40:48;Visita Data Center de SAMUEL PAREDES SAEZ;Visita Data Center;colocation;Colocation;Mantenimiento cliente;Servicio Colocation;Guillermo.Vega;CI1002031;RF391089
SD2310876;JUAN BARRERA RAMOS;Closure;Cerrado;2025-07-22 19:33:14;2025-07-25 21:18:12;Conexion Veritas a Nexus 3k /Rack AN04 posicion 9-10;Requerimiento;Servicio Interno;Colocation;Revision de conectividad;Servicio de Cableado;Enrique.Parra;CI1002031;RF391013
SD2310699;SAMUEL PAREDES SAEZ;Closure;Cerrado;2025-07-22 18:08:51;2025-07-22 18:39:30;1590052 DEPORTES SPARTA LTDA / Solicitud 10 IPs públicas;Requerimiento;Servicio Interno;Colocation;Apoyo habilitacion cliente;Plataforma T3 / Soporte Especializado;Luz.Medina;CI1002031;RF390987
SD2310591;JUAN BARRERA RAMOS;Cierre;Cerrado;2025-07-22 17:10:57;2025-07-23 01:51:11;Visita Data Center de JUAN BARRERA RAMOS;Visita Data Center;colocation;Colocation;Mantenimiento cliente;Servicio Colocation;Guillermo.Vega;CI1002031;RF390970
SD2310483;JUAN BARRERA RAMOS;Cierre;Cerrado;2025-07-22 16:40:25;NULL;Visita Data Center de JUAN BARRERA RAMOS;Visita Data Center;colocation;Colocation;Ingreso de equipos;Servicio Colocation;Karen.Reyes;CI1002031;RF390957
SD2310418;SAMUEL PAREDES SAEZ;Closure;Cerrado;2025-07-22 15:50:28;2025-07-22 18:13:03;1590052 DEPORTES SPARTA LTDA / Solicitud 10 IPs públicas;Requerimiento;Servicio Interno;Colocation;Apoyo habilitacion cliente;Plataforma T3 / Soporte Especializado;Luz.Medina;CI1002031;RF390933
SD2308160;SAMUEL PAREDES SAEZ;Cierre;Cerrado;2025-07-22 00:00:46;2025-07-22 21:50:29;Visita Data Center de SAMUEL PAREDES SAEZ;Visita Data Center;colocation;Colocation;Mantenimiento cliente;Servicio Colocation;Sergio.Adasme;CI1002031;RF390701
SD2301959;SAMUEL PAREDES SAEZ;Cierre;Cerrado;2025-07-22 00:00:43;2025-07-22 21:49:07;Visita Data Center de SAMUEL PAREDES SAEZ;Visita Data Center;colocation;Colocation;Mantenimiento cliente;Servicio Colocation;Guillermo.Vega;CI1002031;RF390696
SD2301608;JUAN BARRERA RAMOS;Closure;Cerrado;2025-07-21 21:41:27;2025-07-25 13:17:26;22-07.2025 - SOLICITUD DE APROBACION - GSI-CAT-0002 FICHA COLOCATION Caja 18 Liray.xlsx;Requerimiento;Colocation;Colocation;Ingreso de Equipos;Operaciones Infraestructura;Jorge.Morales;CI1002031;RF390677
SD2301955;SAMUEL PAREDES SAEZ;Cierre;Cerrado;2025-07-21 00:00:06;2025-07-21 22:45:34;Visita Data Center de SAMUEL PAREDES SAEZ;Visita Data Center;colocation;Colocation;Mantenimiento cliente;Servicio Colocation;Guillermo.Vega;CI1002031;RF390376
SD2305732;SAMUEL PAREDES SAEZ;Closure;Cerrado;2025-07-20 22:06:31;2025-07-25 16:17:38;NUEVO PUDAHUEL: MIGRACIÓN NUEVO PUDAHUEL PY 1598071;Requerimiento;Servicio Interno;Colocation;Torre Virtualizacion;Torre Virtualización;Alvaro.Martinez;CI1002031;RF390367
SD2302060;SAMUEL PAREDES SAEZ;Closure;Cerrado;2025-07-18 23:37:27;2025-07-25 03:17:51;1590052 DEPORTES SPARTA LTDA / validación VDOM, IP internet;Requerimiento;Servicio Interno;Colocation;Apoyo habilitacion cliente;ProvisionConectividadTI;Alejandro.Carrasco;CI1002031;RF390169
SD2301793;JUAN BARRERA RAMOS;Trabajo en Progreso;Abierto;2025-07-18 20:44:52;NULL;ESMAX // Aumento de recursos servidor Panorama;Requerimiento;Servicio Interno;Colocation;Revisión Virtualización;ProvisionVirtualizacionTI;NULL;CI1002031;RF390153
SD2301694;SAMUEL PAREDES SAEZ;Closure;Cerrado;2025-07-18 20:03:53;2025-07-24 13:18:09;1601806 FABRICA DE CALZADOS GINO S A // Cosulta signaciòn recursos;Requerimiento;Servicio Interno;Colocation;Apoyo habilitacion cliente;ProvisionConectividadTI;Alejandro.Carrasco;CI1002031;RF390137
SD2301608;JUAN BARRERA RAMOS;Closure;Cerrado;2025-07-18 19:54:11;2025-07-26 02:17:05;22/07 - 16:00 | B3 - AN04 | GSI-CAT-0002 FICHA COLOCATION Caja 18 Liray.xlsx;Requerimiento;Colocation;Colocation;Acompañamiento ingreso / egreso de equipos;Servicio Colocation;Daniel.Cifuentes;CI1002031;RF390133
SD2301646;SAMUEL PAREDES SAEZ;Closure;Cerrado;2025-07-18 19:49:19;2025-07-28 15:17:25;1598174 SERNAC / Solicitud DCIM;Requerimiento;Colocation;Colocation;Solicitud de informe tecnico;Operaciones Infraestructura;Jorge.Morales;CI1002031;RF390130
SD2301608;JUAN BARRERA RAMOS;Closure;Cerrado;2025-07-18 19:47:11;2025-07-24 12:17:41;22/07 - 16:00 | B3 - AN04 | GSI-CAT-0002 FICHA COLOCATION Caja 18 Liray.xlsx;Requerimiento;Colocation;Colocation;Ingreso de Equipos;Servicio Colocation;Eugenio.Vargas;CI1002031;RF390128
SD2300956;SAMUEL PAREDES SAEZ;Closure;Cerrado;2025-07-18 15:07:21;2025-07-18 17:21:02;1598174 SERNAC / Solicitud DCIM;Requerimiento;Colocation;Colocation;Toma de Fotografia;Servicio Colocation;Daniel.Cifuentes;CI1002031;RF390043
SD2288889;SAMUEL PAREDES SAEZ;Cierre;Cerrado;2025-07-18 00:00:31;2025-07-18 22:07:44;Visita Data Center de SAMUEL PAREDES SAEZ;Visita Data Center;colocation;Colocation;Mantenimiento cliente;Servicio Colocation;Guillermo.Vega;CI1002031;RF389908
SD2288884;SAMUEL PAREDES SAEZ;Cierre;Cerrado;2025-07-17 00:00:09;2025-07-17 21:54:56;Visita Data Center de SAMUEL PAREDES SAEZ;Visita Data Center;colocation;Colocation;Mantenimiento cliente;Servicio Colocation;Guillermo.Vega;CI1002031;RF389600
SD2288878;SAMUEL PAREDES SAEZ;Cierre;Cerrado;2025-07-16 00:00:35;2025-07-17 03:10:13;Visita Data Center de SAMUEL PAREDES SAEZ;Visita Data Center;colocation;Colocation;Mantenimiento cliente;Servicio Colocation;Guillermo.Vega;CI1002031;RF389465
SD2288874;SAMUEL PAREDES SAEZ;Cierre;Cerrado;2025-07-15 00:00:50;2025-07-15 23:08:53;Visita Data Center de SAMUEL PAREDES SAEZ;Visita Data Center;colocation;Colocation;Mantenimiento cliente;Servicio Colocation;Karen.Reyes;CI1002031;RF389140
SD2290380;JUAN BARRERA RAMOS;Closure;Cerrado;2025-07-14 18:10:45;2025-07-17 19:17:53;Visita Data Center de JUAN BARRERA RAMOS;Requerimiento;TR Colocation;Colocation;Mantenimiento cliente;Soporte N1 Operaciones;Karen.Reyes;CI1002031;RF389048
SD2288855;SAMUEL PAREDES SAEZ;Cierre;Cerrado;2025-07-14 13:10:41;2025-07-15 05:39:48;Visita Data Center de SAMUEL PAREDES SAEZ;Visita Data Center;colocation;Colocation;Mantenimiento cliente;Servicio Colocation;Karen.Reyes;CI1002031;RF388911
SD2285707;SAMUEL PAREDES SAEZ;Solicitud de Ticket;Abierto;2025-07-12 21:09:36;NULL;SPARTA // Solicitud apoyo failover, Migración EQUITYBRWEB;Requerimiento;Servicio Interno;Colocation;Apoyo habilitacion cliente;ProvisionVirtualizacionTI;NULL;CI1002031;RF388719
SD2285704;SAMUEL PAREDES SAEZ;Closure;Cerrado;2025-07-12 21:05:49;2025-07-17 13:18:14;SPARTA // Solicitud apoyo revisiòn NAT;Requerimiento;Servicio Interno;Colocation;Apoyo habilitacion cliente;ProvisionConectividadTI;Ivan.Ariste;CI1002031;RF388718
SD2271627;SAMUEL PAREDES SAEZ;Cierre;Cerrado;2025-07-11 00:00:58;2025-07-11 23:10:23;Visita Data Center de SAMUEL PAREDES SAEZ;Visita Data Center;colocation;Colocation;Mantenimiento cliente;Servicio Colocation;Karen.Reyes;CI1002031;RF388328
SD2280645;SAMUEL PAREDES SAEZ;Closure;Cerrado;2025-07-10 19:39:16;2025-07-14 14:17:39;DEPORTES SPARTA LTDA py 1590052 // Homologación configuración y seguridad FW;Requerimiento;Servicio Interno;Colocation;Apoyo habilitacion cliente;ProvisionConectividadTI;Ivan.Ariste;CI1002031;RF388250
SD2280452;JUAN BARRERA RAMOS;Closure;Cerrado;2025-07-10 18:07:09;2025-07-13 20:18:12;Caja 18// VPN SSL;Requerimiento;Servicio Interno;Colocation;Revision de conectividad;ProvisionConectividadTI;Alejandro.Carrasco;CI1002031;RF388215
SD2279896;JUAN BARRERA RAMOS;Closure;Cerrado;2025-07-10 14:45:21;2025-07-14 14:17:31;SuperSalud // revisar IP desde VDOM;Requerimiento;Servicio Interno;Colocation;Revision de conectividad;ProvisionConectividadTI;Alejandro.Carrasco;CI1002031;RF388145
SD2271617;SAMUEL PAREDES SAEZ;Cierre;Cerrado;2025-07-10 00:00:39;2025-07-12 09:20:21;Visita Data Center de SAMUEL PAREDES SAEZ;Visita Data Center;colocation;Colocation;Mantenimiento cliente;Servicio Colocation;Karen.Reyes;CI1002031;RF388013
SD2277869;JUAN BARRERA RAMOS;Closure;Cerrado;2025-07-09 18:13:20;2025-07-12 19:18:46;Visita Data Center de JUAN BARRERA RAMOS;Requerimiento;TR Colocation;Colocation;Mantenimiento cliente;Servicio Colocation;Karen.Reyes;CI1002031;RF387923
SD2276078;SAMUEL PAREDES SAEZ;Cierre;Cerrado;2025-07-09 04:40:49;2025-07-09 17:22:13;Visita Data Center de SAMUEL PAREDES SAEZ;Visita Data Center;colocation;Colocation;Mantenimiento cliente;Servicio Colocation;Karen.Reyes;CI1002031;RF387726
SD2271606;SAMUEL PAREDES SAEZ;Cierre;Cerrado;2025-07-09 00:00:51;2025-07-12 09:19:30;Visita Data Center de SAMUEL PAREDES SAEZ;Visita Data Center;colocation;Colocation;Mantenimiento cliente;Servicio Colocation;Karen.Reyes;CI1002031;RF387682
SD2274645;SAMUEL PAREDES SAEZ;Closure;Cerrado;2025-07-08 16:03:15;2025-07-12 17:17:17;Visita Data Center de SAMUEL PAREDES SAEZ;Requerimiento;TR Colocation;Colocation;Mantenimiento cliente;Servicio Colocation;Karen.Reyes;CI1002031;RF387522
SD2274620;SAMUEL PAREDES SAEZ;Cierre;Cerrado;2025-07-08 16:00:24;2025-07-08 22:14:00;Visita Data Center de SAMUEL PAREDES SAEZ;Visita Data Center;colocation;Colocation;Mantenimiento cliente;Servicio Colocation;Karen.Reyes;CI1002031;RF387517
SD2271485;SAMUEL PAREDES SAEZ;Cierre;Cerrado;2025-07-08 00:00:50;2025-07-08 22:12:37;Visita Data Center de SAMUEL PAREDES SAEZ;Visita Data Center;colocation;Colocation;Mantenimiento cliente;Servicio Colocation;Karen.Reyes;CI1002031;RF387321
SD2271468;SAMUEL PAREDES SAEZ;Cierre;Cerrado;2025-07-07 14:10:39;2025-07-07 23:30:29;Visita Data Center de SAMUEL PAREDES SAEZ;Visita Data Center;colocation;Colocation;Mantenimiento cliente;Servicio Colocation;Karen.Reyes;CI1002031;RF387084
SD2271401;SAMUEL PAREDES SAEZ;Closure;Cerrado;2025-07-07 13:47:21;2025-07-12 12:17:41;09-07 // B4 10:00 BC61 // CARABINEROS / Solicitud Aprobación Rgreso Ingreso Equipo;Requerimiento;Colocation;Rack;Acompañamiento ingreso / egreso de equipos;Servicio Colocation;Karen.Reyes;CI769;RF387066
SD2271401;SAMUEL PAREDES SAEZ;Closure;Cerrado;2025-07-07 13:34:14;2025-07-11 21:17:45;CARABINEROS / Solicitud Aprobación Rgreso Ingreso Equipo;Requerimiento;Colocation;Rack;Movimiento de equipos;Operaciones Infraestructura;Jorge.Morales;CI769;RF387063
SD2264534;SAMUEL PAREDES SAEZ;Cierre;Cerrado;2025-07-04 00:10:50;2025-07-12 09:15:56;Visita Data Center de SAMUEL PAREDES SAEZ;Visita Data Center;colocation;Colocation;Mantenimiento cliente;Servicio Colocation;Cipriano.Mendez;CI1002031;RF386504
SD2260360;SAMUEL PAREDES SAEZ;Cierre;Cerrado;2025-07-03 08:00:14;2025-07-03 23:42:45;Visita Data Center de SAMUEL PAREDES SAEZ;Visita Data Center;colocation;Colocation;Mantenimiento cliente;Servicio Colocation;Uriel.Valdes;CI1002031;RF386206
SD2260354;SAMUEL PAREDES SAEZ;Cierre;Cerrado;2025-07-03 07:50:56;2025-07-04 09:05:39;Visita Data Center de SAMUEL PAREDES SAEZ;Visita Data Center;colocation;Colocation;Mantenimiento cliente;Servicio Colocation;Uriel.Valdes;CI1002031;RF386203
SD2258806;SAMUEL PAREDES SAEZ;Cierre;Cerrado;2025-07-03 02:00:47;2025-07-04 09:05:58;Visita Data Center de SAMUEL PAREDES SAEZ;Visita Data Center;colocation;Colocation;Mantenimiento cliente;Soporte N1 Operaciones;Karen.Reyes;CI1002031;RF386161
SD2259058;JUAN BARRERA RAMOS;Closure;Cerrado;2025-07-02 18:32:17;2025-07-05 20:18:29;Caja 18// VPN SSL;Requerimiento;Servicio Interno;Colocation;Revision de conectividad;ProvisionConectividadTI;Alejandro.Carrasco;CI1002031;RF386032
SD2258580;SAMUEL PAREDES SAEZ;Closure;Cerrado;2025-07-02 15:05:09;2025-07-07 02:17:57;03-07 // B4 10:00 BB61 // 1550901 DIR. DE LOG. DE CARABINEROS / Ingre_Egre Colocation;Requerimiento;Colocation;Rack;Acompañamiento ingreso / egreso de equipos;Servicio Colocation;Guillermo.Vega;CI770;RF385965
SD2258580;SAMUEL PAREDES SAEZ;Closure;Cerrado;2025-07-02 14:50:39;2025-07-06 14:18:07;1550901 DIR. DE LOG. DE CARABINEROS / Ingre_Egre Colocation;Requerimiento;Colocation;Rack;Movimiento de equipos;Operaciones Infraestructura;Jorge.Morales;CI770;RF385951
SD2255904;SAMUEL PAREDES SAEZ;Cierre;Cerrado;2025-07-02 01:30:32;2025-07-02 21:11:55;Visita Data Center de SAMUEL PAREDES SAEZ;Visita Data Center;colocation;Colocation;Mantenimiento cliente;Servicio Colocation;Karen.Reyes;CI1002031;RF385824
SD2256744;SAMUEL PAREDES SAEZ;Cierre;Cerrado;2025-07-02 00:00:56;2025-07-02 23:02:26;Visita Data Center de SAMUEL PAREDES SAEZ;Visita Data Center;colocation;NULL;Mantenimiento cliente;Soporte N1 Operaciones;Daniel.Cifuentes;NULL;RF385813
SD2256693;SAMUEL PAREDES SAEZ;Closure;Cerrado;2025-07-01 19:17:14;2026-06-17 22:42:42;ID 1550901 DIRECCION DE LOGISTICA DE CARABINEROS / LICENCIAS CISCO;Requerimiento;Servicio Interno;Colocation;Apoyo habilitacion cliente;Torre Licenciamiento;Pablo.Vidal;CI1002031;RF385731
SD2256609;SAMUEL PAREDES SAEZ;Closure;Cerrado;2025-07-01 18:36:39;2025-07-01 19:49:44;<IP Proyecto> <razon social cliente> / <descriptor ej licencia Cisco>;Requerimiento;Servicio Interno;Colocation;Apoyo habilitacion cliente;Lideres Tecnicos;Samuel.Paredes;CI1002031;RF385719
SD2256458;SAMUEL PAREDES SAEZ;Closure;Cerrado;2025-07-01 17:17:48;2025-07-01 19:45:04;Nuevo Pudahuel, Job Respaldo Adicional. VM  erpprdnwnph;Requerimiento;Respaldo y Restauracion de Datos;Colocation;Solicitud de respaldo;Ingeniero de Soporte;valeria.arancibia;CI1002031;RF385694
SD2255837;SAMUEL PAREDES SAEZ;Cierre;Cerrado;2025-07-01 14:20:22;2025-07-01 20:35:23;Visita Data Center de SAMUEL PAREDES SAEZ;Visita Data Center;colocation;Colocation;Mantenimiento cliente;Servicio Colocation;Karen.Reyes;CI1002031;RF385613
SD2253107;JUAN BARRERA RAMOS;Closure;Cerrado;2025-06-30 14:44:29;2025-07-05 20:17:37;Caja 18 // Validación de red;Requerimiento;Servicio Interno;Colocation;Revision de conectividad;ProvisionConectividadTI;Alejandro.Carrasco;CI1002031;RF385301
SD2242378;JUAN BARRERA RAMOS;Closure;Cerrado;2025-06-26 19:32:18;2025-06-29 21:19:12;Caja 18 Rack AN04 conexión de Cables UTP;Requerimiento;Cableado Estructurado;Colocation;Conexión de Cable UTP/FO;Servicio de Cableado;Marcelo.Martinez;CI1002031;RF384564
SD2242312;JUAN BARRERA RAMOS;Closure;Cerrado;2025-06-26 19:11:33;2025-07-04 14:17:51;Caja 18 Rack AN04 validacion de 2K;Requerimiento;Servicio Interno;Colocation;Revision de conectividad;ProvisionConectividadTI;Ivan.Ariste;CI1002031;RF384559
SD2241818;JUAN BARRERA RAMOS;Cierre;Cerrado;2025-06-26 16:20:56;2025-06-27 08:31:10;Visita Data Center de JUAN BARRERA RAMOS;Visita Data Center;colocation;Colocation;Ingreso de equipos;Soporte N1 Operaciones;Karen.Reyes;CI1002031;RF384500
SD2241752;JUAN BARRERA RAMOS;Cierre;Cerrado;2025-06-26 16:02:21;NULL;Visita Data Center de JUAN BARRERA RAMOS;Visita Data Center;colocation;Colocation;Ingreso de equipos;Servicio Colocation;Karen.Reyes;CI1002031;RF384489
SD2241442;SAMUEL PAREDES SAEZ;Closure;Cerrado;2025-06-26 13:55:12;2025-06-30 14:17:38;1590052 DEPORTES SPARTA LTDA/ creación de Port Group en C3;Requerimiento;Servicio Interno;Colocation;Apoyo habilitacion cliente;Torre Virtualización;Pablo.Navarrete;CI1002031;RF384445
SD2239317;JUAN BARRERA RAMOS;Solicitud de Ticket;Abierto;2025-06-25 20:28:14;NULL;Caja 18 /revisión de rango 10.95;Requerimiento;Servicio Interno;Colocation;Revisión Virtualización;ProvisionVirtualizacionTI;NULL;CI1002031;RF384238
SD2238973;SAMUEL PAREDES SAEZ;Closure;Cerrado;2025-06-25 18:35:22;2025-06-29 14:18:13;1590052 DEPORTES SPARTA LTDA // Apoyo habilitacion cliente;Requerimiento;Servicio Interno;Colocation;Apoyo habilitacion cliente;ProvisionConectividadTI;Ivan.Ariste;CI1002031;RF384201
SD2238098;SAMUEL PAREDES SAEZ;Closure;Cerrado;2025-06-25 13:20:07;2025-07-04 14:17:33;BADAMAX RETAIL S.A. ID 1581713 //Solicitud apoyo migración SDWAN 27/06/2025;Requerimiento;Servicio Interno;Colocation;Apoyo habilitacion cliente;ProvisionConectividadTI;Ivan.Ariste;CI1002031;RF384065
SD2238072;SAMUEL PAREDES SAEZ;Closure;Cerrado;2025-06-25 13:14:22;2025-06-29 16:18:17;BADAMAX RETAIL S.A. ID 1581713 //Solicitud apoyo migración SDWAN 26/06/2025;Requerimiento;Servicio Interno;Colocation;Apoyo habilitacion cliente;ProvisionConectividadTI;Ivan.Ariste;CI1002031;RF384061
SD2238050;SAMUEL PAREDES SAEZ;Closure;Cerrado;2025-06-25 13:09:15;2025-06-29 13:17:43;BADAMAX RETAIL S.A. ID 1581713 //Solicitud apoyo migración SDWAN 25/06/2025;Requerimiento;Servicio Interno;Colocation;Apoyo habilitacion cliente;ProvisionConectividadTI;Ivan.Ariste;CI1002031;RF384057
SD2235524;JUAN BARRERA RAMOS;Closure;Cerrado;2025-06-24 16:04:09;2025-06-28 17:18:09;RE: Validación Infraestructura// Caja 18;Requerimiento;Cableado Estructurado;Colocation;Supervisión de Instalación de Cableado;Servicio de Cableado;Enrique.Parra;CI1002031;RF383797
SD2235524;JUAN BARRERA RAMOS;Closure;Cerrado;2025-06-24 16:02:29;2025-06-30 05:17:14;26-06 // B3 16:00 AN04 // Validación Infraestructura// Caja 18;Requerimiento;Colocation;Rack;Acompañamiento ingreso / egreso de equipos;Servicio Colocation;Guillermo.Vega;CI908;RF383795
SD2235524;JUAN BARRERA RAMOS;Closure;Cerrado;2025-06-24 15:59:38;2025-06-27 19:18:13;RE: Validación Infraestructura// Caja 18;Requerimiento;Colocation;Colocation;Ingreso y egreso de equipos;Operaciones Infraestructura;Jorge.Morales;CI1002031;RF383793
SD2233042;SAMUEL PAREDES SAEZ;Closure;Cerrado;2025-06-23 21:38:11;2025-06-29 13:17:39;BADAMAX RETAIL S.A. ID 1581713 //Solicitud apoyo migración SDWAN 24/06/2025;Requerimiento;Servicio Interno;Colocation;Apoyo habilitacion cliente;ProvisionConectividadTI;Ivan.Ariste;CI1002031;RF383558
SD2232885;JUAN BARRERA RAMOS;Closure;Cerrado;2025-06-23 19:55:47;2025-06-29 13:17:34;Universidad de Valparaíso /Revisión VPN AWS;Requerimiento;Servicio Interno;Colocation;Revision de conectividad;ProvisionConectividadTI;Ivan.Ariste;CI1002031;RF383509
SD2232620;SAMUEL PAREDES SAEZ;Closure;Cerrado;2025-06-23 19:34:04;2025-06-24 20:07:27;24-06 // B4 03:00 BB61 // 1550901 DIR. DE LOG. DE CARABINEROS / egreso_Ingreso Colocation;Requerimiento;Colocation;Colocation;Acompañamiento ingreso / egreso de equipos;Servicio Colocation;Sergio.Adasme;CI1002031;RF383499
SD2232620;SAMUEL PAREDES SAEZ;Closure;Cerrado;2025-06-23 19:31:24;2025-06-27 16:18:37;1550901 DIR. DE LOG. DE CARABINEROS / egreso_Ingreso Colocation;Requerimiento;Colocation;Colocation;Movimiento de equipos;Operaciones Infraestructura;Jorge.Morales;CI1002031;RF383495
SD2232637;JUAN BARRERA RAMOS;Cierre;Cerrado;2025-06-23 19:10:23;2025-06-23 23:16:23;Visita Data Center de JUAN BARRERA RAMOS;Visita Data Center;colocation;Colocation;Mantenimiento cliente;Servicio Colocation;Karen.Reyes;CI1002031;RF383489
SD2221091;SAMUEL PAREDES SAEZ;Cierre;Cerrado;2025-06-23 18:30:03;2025-06-25 09:02:43;Visita Data Center de SAMUEL PAREDES SAEZ;Visita Data Center;colocation;Colocation;Mantenimiento cliente;Servicio Colocation;Sergio.Adasme;CI1002031;RF383482
SD2220767;SAMUEL PAREDES SAEZ;Cierre;Cerrado;2025-06-23 02:00:37;2025-06-23 20:51:45;Visita Data Center de SAMUEL PAREDES SAEZ;Visita Data Center;colocation;Colocation;Mantenimiento cliente;Servicio Colocation;Sergio.Adasme;CI1002031;RF383300
SD2228155;SAMUEL PAREDES SAEZ;Closure;Cerrado;2025-06-22 15:21:09;2025-06-25 18:17:51;Nuevo Pudahuel, Job Respaldo Adicional. VM  erpprdnwnph;Requerimiento;Respaldo y Restauracion de Datos;Colocation;Falla en respaldo;Ingeniero de Soporte;Daniela.Montecinos;CI1002031;RF383234
SD2220691;SAMUEL PAREDES SAEZ;Closure;Cerrado;2025-06-19 19:58:24;2025-06-25 18:17:41;Nuevo Pudahuel, Job Respaldo Adicional. VM  erpprdnwnph (190.54.112.59);Requerimiento;Servicio Interno;Colocation;Torre Respaldos;Torre Respaldos;Pablo.Zbinden;CI1002031;RF382817
SD2219517;SAMUEL PAREDES SAEZ;Cierre;Cerrado;2025-06-19 13:00:54;2025-06-19 16:41:56;Visita Data Center de SAMUEL PAREDES SAEZ;Visita Data Center;colocation;Colocation;Mantenimiento cliente;Servicio Colocation;Karen.Reyes;CI1002031;RF382662
SD2214210;SAMUEL PAREDES SAEZ;Closure;Cerrado;2025-06-18 20:30:26;2025-06-28 18:17:22;TERMINAL PACIFICO SUR VALPARAISO S.A. 1582312 // Solicitud capacidad DCH;Requerimiento;Servicio Interno;Colocation;Torre Capacidad;Servicio Colocation;Cristobal.Morales;CI1002031;RF382516
SD2211196;SAMUEL PAREDES SAEZ;Cierre;Cerrado;2025-06-18 02:00:14;2025-06-19 07:24:41;Visita Data Center de SAMUEL PAREDES SAEZ;Visita Data Center;colocation;Colocation;Mantenimiento cliente;Servicio Colocation;Sergio.Adasme;CI1002031;RF382247
SD2214210;SAMUEL PAREDES SAEZ;Closure;Cerrado;2025-06-17 19:59:39;2025-06-21 21:18:11;TERMINAL PACIFICO SUR VALPARAISO S.A. 1582312 // Solicitud capacidad DCH;Requerimiento;Servicio Interno;Colocation;Torre Capacidad;Operaciones Infraestructura;Dabiana.Carrero;CI1002031;RF382164
SD2214210;SAMUEL PAREDES SAEZ;Closure;Cerrado;2025-06-17 19:58:21;2025-06-28 21:17:31;TERMINAL PACIFICO SUR VALPARAISO S.A. 1582312 // Solicitud capacidad DCH;Requerimiento;Servicio Interno;Colocation;Torre Capacidad;Capacidad;Nicolas.Salazar;CI1002031;RF382163
SD2212977;SAMUEL PAREDES SAEZ;Closure;Cerrado;2025-06-17 13:11:35;2025-06-21 14:17:56;TPS 1582312 // INCIDENTE, Ingreso personal y equipo;Requerimiento;TR Colocation;Colocation;Ingreso de equipos;Servicio Colocation;Karen.Reyes;CI1002031;RF381997
SD2210783;SAMUEL PAREDES SAEZ;Cierre;Cerrado;2025-06-17 01:00:42;2025-06-18 06:44:40;Visita Data Center de SAMUEL PAREDES SAEZ;Visita Data Center;colocation;Colocation;egreso de equipo;Soporte N1 Operaciones;Eugenio.Vargas;CI1002031;RF381906
SD2211174;SAMUEL PAREDES SAEZ;Closure;Cerrado;2025-06-16 23:35:55;2025-06-21 21:17:55;18-06-2025 // b4 - 10:00Hrs // DIR. DE LOG. DE CARABINEROS, ingreso equipos DCL;Requerimiento;Cableado Estructurado;Colocation;Supervisión de Instalación de Cableado;Servicio de Cableado;Marcelo.Martinez;CI1002031;RF381886
SD2211174;SAMUEL PAREDES SAEZ;Closure;Cerrado;2025-06-16 23:33:48;2025-06-20 13:17:44;18-06 // B4 // 10:00 // 1550901 DIR. DE LOG. DE CARABINEROS, ingreso equipos DCL;Requerimiento;Colocation;Colocation;Ingreso y egreso de equipos;Operaciones Infraestructura;Jorge.Morales;CI1002031;RF381885
SD2211174;SAMUEL PAREDES SAEZ;Closure;Cerrado;2025-06-16 23:16:18;2025-06-21 21:17:49;18-06-2025 // 10:00// B4239BB61 -  DIR. DE LOG. DE CARABINEROS, ingreso equipos DCL;Requerimiento;Colocation;Rack;Acompañamiento ingreso / egreso de equipos;Servicio Colocation;Guillermo.Vega;CI770;RF381881
SD2210741;SAMUEL PAREDES SAEZ;Closure;Cerrado;2025-06-16 21:51:57;2025-06-20 16:18:25;17.06.2025 // B4 // 10:00Hrs // 1550901 DIR. DE LOG. DE CARABINEROS, Colocation Egreso;Requerimiento;Cableado Estructurado;Colocation;Supervisión de Instalación de Cableado;Servicio de Cableado;Marcelo.Martinez;CI1002031;RF381861
SD2210741;SAMUEL PAREDES SAEZ;Closure;Cerrado;2025-06-16 21:49:52;2025-06-20 13:17:37;17.06.2025 // B4 // 10:00Hrs //, Colocation 1550901 DIR. DE LOG. DE CARABINEROS Egreso;Requerimiento;Colocation;Colocation;Ingreso y egreso de equipos;Operaciones Infraestructura;Jorge.Morales;CI1002031;RF381860
SD2210741;SAMUEL PAREDES SAEZ;Closure;Cerrado;2025-06-16 21:33:15;2025-06-21 04:17:24;17.06.2025 // B4 // 10:00Hrs // 1550901 DIR. DE LOG. DE CARABINEROS, Colocation Egreso	;Requerimiento;Colocation;Colocation;Acompañamiento ingreso / egreso de equipos;Servicio Colocation;Guillermo.Vega;CI1002031;RF381858
SD2210292;JUAN BARRERA RAMOS;Closure;Cerrado;2025-06-16 19:30:51;2025-06-19 22:18:42;FW Caja 18 Nataniel y DCL;Requerimiento;Seguridad;Colocation;Crear cuenta;Plataforma T3 / Soporte Especializado;Victor.Covarrubias;CI1002031;RF381810
SD2210155;SAMUEL PAREDES SAEZ;Closure;Cerrado;2025-06-16 18:29:22;2025-06-26 22:13:32;Proyecto 1564011 SAVAL // SCITUM. servidor seguro vm Valax;Requerimiento;Servicio Interno;Colocation;Apoyo habilitacion cliente;Torre Control operacional;Franco.Navarro;CI1002031;RF381794
SD2193437;SAMUEL PAREDES SAEZ;Closure;Cerrado;2025-06-12 15:02:49;2025-06-22 23:17:55;BADAMAX RETAIL S.A. ID 1581713 //Solicitud apoyo migración SDWAN 18/06/2025;Requerimiento;Servicio Interno;Colocation;Apoyo habilitacion cliente;ProvisionConectividadTI;Ivan.Ariste;CI1002031;RF380720
SD2193414;SAMUEL PAREDES SAEZ;Closure;Cerrado;2025-06-12 14:59:52;2025-06-21 14:17:36;BADAMAX RETAIL S.A. ID 1581713 //Solicitud apoyo migración SDWAN 17/06/2025;Requerimiento;Servicio Interno;Colocation;Apoyo habilitacion cliente;ProvisionConectividadTI;Ivan.Ariste;CI1002031;RF380719
SD2193395;SAMUEL PAREDES SAEZ;Closure;Cerrado;2025-06-12 14:55:37;2025-06-20 14:17:53;BADAMAX RETAIL S.A. ID 1581713 //Solicitud apoyo migración SDWAN 16/06/2025;Requerimiento;Servicio Interno;Colocation;Apoyo habilitacion cliente;ProvisionConectividadTI;Ivan.Ariste;CI1002031;RF380715
SD2189679;SAMUEL PAREDES SAEZ;Closure;Cerrado;2025-06-11 15:11:57;2025-06-14 20:46:33;TPS /Solicitud ingreso a DCH. magnus1 rack 16;Requerimiento;TR Colocation;Colocation;Ingreso de equipos;Servicio Colocation;Cristobal.Morales;CI1002031;RF380371
SD2186769;SAMUEL PAREDES SAEZ;Closure;Cerrado;2025-06-10 17:06:09;2025-06-13 18:18:41;TPS  1582312 / Solicitud acceso DCH 10062025;Requerimiento;Colocation;Colocation;Informe especial;Servicio Colocation;Karen.Reyes;CI1002031;RF380059
SD2183013;SAMUEL PAREDES SAEZ;Closure;Cerrado;2025-06-09 16:31:06;2025-06-27 14:17:25;BADAMAX RETAIL S.A. ID 1581713 //Solicitud apoyo migración SDWAN 10/06/2025;Requerimiento;Servicio Interno;Colocation;Apoyo habilitacion cliente;ProvisionConectividadTI;Alejandro.Carrasco;CI1002031;RF379694
SD2180313;SAMUEL PAREDES SAEZ;Solicitud de Ticket;Abierto;2025-06-08 20:25:34;NULL;SPARTA // Solicitud apoyo AUMENTO DE CAPACIDADES EQUITYBRTSRD;Requerimiento;Servicio Interno;Colocation;Apoyo habilitacion cliente;ProvisionVirtualizacionTI;NULL;CI1002031;RF379512
SD2176044;SAMUEL PAREDES SAEZ;Closure;Cerrado;2025-06-06 18:40:38;2025-06-14 20:46:07;SPARTA // Solicitud apoyo Torre Microsoft.;Requerimiento;Servicio Interno;Colocation;Apoyo habilitacion cliente;Torre Microsoft;Jose.Sanchez;CI1002031;RF379188
SD2175322;SAMUEL PAREDES SAEZ;Closure;Cerrado;2025-06-06 15:45:26;2025-06-12 15:18:34;Consulta recursos SOCIEDAD COMERCIALIZADORA DE PRODUCTOS AL DETALLE S.A. - py 1593211;Requerimiento;Servicio Interno;Colocation;Apoyo habilitacion cliente;ProvisionConectividadTI;Ivan.Ariste;CI1002031;RF379126
SD2172890;SAMUEL PAREDES SAEZ;Closure;Cerrado;2025-06-05 22:29:40;2025-06-30 17:18:07;BADAMAX RETAIL S.A. ID 1581713 //Solicitud apoyo migración SDWAN 06/06/2025;Requerimiento;Servicio Interno;Colocation;Apoyo habilitacion cliente;ProvisionConectividadTI;Alejandro.Carrasco;CI1002031;RF378923
SD2169585;SAMUEL PAREDES SAEZ;Cierre;Cerrado;2025-06-05 22:01:30;2025-06-06 17:19:06;Visita Data Center de SAMUEL PAREDES SAEZ;Visita Data Center;colocation;Colocation;Mantenimiento cliente;Servicio Colocation;Karen.Reyes;CI1002031;RF378905
SD2171249;SAMUEL PAREDES SAEZ;Closure;Cerrado;2025-06-05 12:19:42;2025-06-08 19:18:40;1581066 KENTUCKY FOODS CHILE S.A. // configuracion vpn;Requerimiento;Servicio Interno;Colocation;Apoyo habilitacion cliente;ProvisionConectividadTI;Alejandro.Carrasco;CI1002031;RF378663
SD2171243;SAMUEL PAREDES SAEZ;Closure;Cerrado;2025-06-05 12:16:53;2025-06-08 19:18:36;1581066 KENTUCKY FOODS CHILE S.A. // reacion de ips estaticas;Requerimiento;Servicio Interno;Colocation;Apoyo habilitacion cliente;ProvisionConectividadTI;Alejandro.Carrasco;CI1002031;RF378661
SD2170136;SAMUEL PAREDES SAEZ;Closure;Cerrado;2025-06-04 23:05:02;2025-06-08 00:18:35;Solicitud de Aacceso y Trabajo programado en DCH, DRaaS;Requerimiento;TR Colocation;Colocation;Mantenimiento cliente;Servicio Colocation;Uriel.Valdes;CI1002031;RF378582
SD2169689;JUAN BARRERA RAMOS;Closure;Cerrado;2025-06-04 19:07:20;2025-06-08 19:18:11;Ilustre Municipalidad de la Pintana/Salida a Internet;Requerimiento;Servicio Interno;Colocation;Revision de conectividad;ProvisionConectividadTI;Alejandro.Carrasco;CI1002031;RF378505
SD2169561;JUAN BARRERA RAMOS;Closure;Cerrado;2025-06-04 18:04:05;2025-06-07 19:18:01;Manos Remotas //Ilustre Municipalidad de la Pintana;Requerimiento;Colocation;Colocation;Conexion y desconexion de puertos;Servicio Colocation;Daniel.Cifuentes;CI1002031;RF378490
SD2166345;SAMUEL PAREDES SAEZ;Closure;Cerrado;2025-06-03 20:39:20;2025-06-04 22:44:45;Solicitud credencial admin en Switches Core y Acceso plataforma DRaaS  para HPE // UVALPO;Requerimiento;Servicio Interno;Colocation;Torre Networking y Seguidad;Plataforma T3 / Soporte Especializado;Victor.Nunez;CI1002031;RF378198
SD2165787;JUAN BARRERA RAMOS;Closure;Cerrado;2025-06-03 15:56:15;2025-06-08 19:17:46;Ilustre Municipalidad de la Pintana/Conectividad y Revision;Requerimiento;Servicio Interno;Colocation;Revision de conectividad;ProvisionConectividadTI;Alejandro.Carrasco;CI1002031;RF378109
SD2156465;SAMUEL PAREDES SAEZ;Closure;Cerrado;2025-05-30 16:49:42;2025-06-02 19:17:51;Requerimiento, Eliminar cuenta Service Manager.;Requerimiento;Servicio Interno;Colocation;Torre Microsoft;Torre Microsoft;Jose.Sanchez;CI1002031;RF377255
SD2156311;SAMUEL PAREDES SAEZ;Solicitud de Ticket;Abierto;2025-05-30 15:56:48;NULL;SPARTA // Solicitud apoyo virtualización;Requerimiento;Servicio Interno;Colocation;Apoyo habilitacion cliente;ProvisionVirtualizacionTI;NULL;CI1002031;RF377239
SD2154700;SAMUEL PAREDES SAEZ;Closure;Cerrado;2025-05-30 03:54:59;2025-06-02 11:17:48;TPS  1582312 / Solicitud acceso y trabajo programado.;Requerimiento;TR Colocation;Colocation;Mantenimiento cliente;Soporte N1 Operaciones;Cipriano.Mendez;CI1002031;RF377092
SD2152928;SAMUEL PAREDES SAEZ;Closure;Cerrado;2025-05-29 14:15:42;2025-06-09 17:17:32;Solicitud agregar VLAN en Switches Core y Acceso plataforma DRaaS  // UVALPO;Requerimiento;Servicio Interno;Colocation;Torre Networking y Seguidad;Plataforma T3 / Soporte Especializado;Jonathan.Vargas;CI1002031;RF376847
SD2152737;SAMUEL PAREDES SAEZ;Closure;Cerrado;2025-05-29 13:34:57;2025-06-02 14:17:27;TPS / solicitud manos remotas.;Requerimiento;Cableado Estructurado;Colocation;Inspección Visual;Servicio de Cableado;Marcelo.Martinez;CI1002031;RF376832
SD2148532;SAMUEL PAREDES SAEZ;Closure;Cerrado;2025-05-27 21:20:31;2025-05-31 01:17:15;Solicitud acceso DCH (Ufinet), cliente Kyndrill;Requerimiento;TR Colocation;Colocation;Mantenimiento cliente;Servicio Colocation;Guillermo.Vega;CI1002031;RF376367
SD2148483;SAMUEL PAREDES SAEZ;Closure;Cerrado;2025-05-27 21:10:38;2025-05-30 23:19:33;solicitud manos remotas- TPS;Requerimiento;Colocation;Colocation;Conexion y desconexion de puertos;Servicio Colocation;Guillermo.Vega;CI1002031;RF376360
SD2148216;SAMUEL PAREDES SAEZ;Closure;Cerrado;2025-05-27 19:32:03;2025-05-30 20:19:19;Solicitud de Acceso y Trabajo Programados en DCH py 1592778;Requerimiento;TR Colocation;Colocation;Mantenimiento cliente;Servicio Colocation;Robinson.Gutierrez;CI1002031;RF376322
SD2148179;JUAN BARRERA RAMOS;Closure;Cerrado;2025-05-27 19:00:46;2025-05-31 19:17:49;Ilustre Municipalidad de la Pintana/Rack AQ12 Sala B3;Requerimiento;Servicio Interno;Colocation;Torre Cableado;Servicio de Cableado;Marcelo.Martinez;CI1002031;RF376303
SD2144547;SAMUEL PAREDES SAEZ;Cierre;Cerrado;2025-05-27 03:00:07;2025-05-28 05:48:44;Visita Data Center de SAMUEL PAREDES SAEZ;Visita Data Center;colocation;Colocation;Ingreso de equipos;Servicio Colocation;Robinson.Gutierrez;CI1002031;RF376094
SD2144545;JUAN BARRERA RAMOS;Cierre;Cerrado;2025-05-27 02:01:03;2025-05-28 05:48:20;Visita Data Center de JUAN BARRERA RAMOS;Visita Data Center;colocation;Colocation;Ingreso de equipos;Soporte N1 Operaciones;Robinson.Gutierrez;CI1002031;RF376084
SD2144479;JUAN BARRERA RAMOS;Closure;Cerrado;2025-05-26 20:22:32;2025-05-30 20:18:23;Ilustre Municipalidad de la Pintana/NAT IP Publica;Requerimiento;Servicio Interno;Colocation;Revision de conectividad;ProvisionConectividadTI;Alejandro.Carrasco;CI1002031;RF376002
SD2144460;JUAN BARRERA RAMOS;Closure;Cerrado;2025-05-26 20:19:02;2025-05-30 20:18:19;Ilustre Municipalidad de la Pintana/Crear nueva RED;Requerimiento;Servicio Interno;Colocation;Revision de conectividad;ProvisionConectividadTI;Alejandro.Carrasco;CI1002031;RF376000
SD2144302;SAMUEL PAREDES SAEZ;Closure;Cerrado;2025-05-26 19:31:03;2025-05-30 16:18:18;TPS DRass, 1582312 / Agregar usuarios A VPN existente.;Requerimiento;Servicio Interno;Colocation;Apoyo habilitacion cliente;ProvisionConectividadTI;Ivan.Ariste;CI1002031;RF375975
SD2144177;SAMUEL PAREDES SAEZ;Closure;Cerrado;2025-05-26 18:44:56;2025-05-30 16:17:59;TPS  1582312 / Agregar nueva regla red 10.30.19.0/24;Requerimiento;Servicio Interno;Colocation;Apoyo habilitacion cliente;ProvisionConectividadTI;Ivan.Ariste;CI1002031;RF375954
SD2144127;SAMUEL PAREDES SAEZ;Closure;Cerrado;2025-05-26 18:30:39;2025-05-31 14:17:39;TPS  1582312 / Apoyo soporte, Laboratorio Telefonía Cisco Webex;Requerimiento;Servicio Interno;Colocation;Apoyo habilitacion cliente;ProvisionConectividadTI;Ivan.Ariste;CI1002031;RF375945
SD2142172;SAMUEL PAREDES SAEZ;Closure;Cerrado;2025-05-25 23:22:51;2025-06-08 19:17:37;BADAMAX RETAIL S.A. ID 1581713 //Solicitud apoyo migración SDWAN 03/06/2025;Requerimiento;Servicio Interno;Colocation;Apoyo habilitacion cliente;ProvisionConectividadTI;Alejandro.Carrasco;CI1002031;RF375707
SD2142169;SAMUEL PAREDES SAEZ;Closure;Cerrado;2025-05-25 23:20:06;2025-06-08 19:17:33;BADAMAX RETAIL S.A. ID 1581713 //Solicitud apoyo migración SDWAN 02/06/2025;Requerimiento;Servicio Interno;Colocation;Apoyo habilitacion cliente;ProvisionConectividadTI;Alejandro.Carrasco;CI1002031;RF375705
SD2142165;SAMUEL PAREDES SAEZ;Closure;Cerrado;2025-05-25 23:17:28;2025-06-08 19:17:28;BADAMAX RETAIL S.A. ID 1581713 //Solicitud apoyo migración SDWAN 30/05/2025;Requerimiento;Servicio Interno;Colocation;Apoyo habilitacion cliente;ProvisionConectividadTI;Alejandro.Carrasco;CI1002031;RF375704
SD2142163;SAMUEL PAREDES SAEZ;Closure;Cerrado;2025-05-25 23:14:36;2025-06-08 19:17:23;BADAMAX RETAIL S.A. ID 1581713 //Solicitud apoyo migración SDWAN 29/05/2025;Requerimiento;Servicio Interno;Colocation;Apoyo habilitacion cliente;ProvisionConectividadTI;Alejandro.Carrasco;CI1002031;RF375703
SD2142159;SAMUEL PAREDES SAEZ;Closure;Cerrado;2025-05-25 23:11:29;2025-06-08 19:17:19;BADAMAX RETAIL S.A. ID 1581713 //Solicitud apoyo migración SDWAN 28/05/2025;Requerimiento;Servicio Interno;Colocation;Apoyo habilitacion cliente;ProvisionConectividadTI;Alejandro.Carrasco;CI1002031;RF375701
SD2142156;SAMUEL PAREDES SAEZ;Closure;Cerrado;2025-05-25 23:07:36;2025-05-30 20:18:06;BADAMAX RETAIL S.A. ID 1581713 //Solicitud apoyo migración SDWAN 27/05/2025;Requerimiento;Servicio Interno;Colocation;Apoyo habilitacion cliente;ProvisionConectividadTI;Alejandro.Carrasco;CI1002031;RF375699
SD2142153;SAMUEL PAREDES SAEZ;Closure;Cerrado;2025-05-25 23:01:08;2025-05-30 20:18:00;BADAMAX RETAIL S.A. ID 1581713 //Solicitud apoyo migración SDWAN 26/05/2025;Requerimiento;Servicio Interno;Colocation;Apoyo habilitacion cliente;ProvisionConectividadTI;Alejandro.Carrasco;CI1002031;RF375698
SD2138691;JUAN BARRERA RAMOS;Cierre;Cerrado;2025-05-23 18:10:42;2025-05-23 23:27:33;Visita Data Center de JUAN BARRERA RAMOS;Visita Data Center;colocation;Colocation;Mantenimiento cliente;Servicio Colocation;Karen.Reyes;CI1002031;RF375309
SD2138404;SAMUEL PAREDES SAEZ;Closure;Cerrado;2025-05-23 16:08:56;2025-05-30 20:17:56;SOCIEDAD COMERCIALIZADORA DE PRODUCTOS AL DETALLE S.A. / Migrar VDOM a SPA2.0  / SDWAN;Requerimiento;Servicio Interno;Colocation;Apoyo habilitacion cliente;ProvisionConectividadTI;Alejandro.Carrasco;CI1002031;RF375261
SD2135427;JUAN BARRERA RAMOS;Closure;Cerrado;2025-05-22 20:33:35;2025-05-30 16:17:40;Terminal Pacifico Sur// Crear rutas para 3k;Requerimiento;Servicio Interno;Colocation;Revision de conectividad;ProvisionConectividadTI;Ivan.Ariste;CI1002031;RF375009
SD2135321;JUAN BARRERA RAMOS;Closure;Cerrado;2025-05-22 19:48:55;2025-05-25 22:20:24;Visita Data Center de JUAN BARRERA RAMOS;Requerimiento;TR Colocation;Colocation;Mantenimiento cliente;Servicio Colocation;Eduardo.Godoy;CI1002031;RF374993
SD2135308;JUAN BARRERA RAMOS;Closure;Cerrado;2025-05-22 19:39:01;2025-05-29 15:17:43;Terminal Pacifico Sur// Validación VLANs;Requerimiento;Servicio Interno;Colocation;Revision de conectividad;ProvisionConectividadTI;Ivan.Ariste;CI1002031;RF374983
SD2134567;JUAN BARRERA RAMOS;Closure;Cerrado;2025-05-22 14:44:00;2025-05-29 13:17:56;Validación Infraestructura IM Pintana;Requerimiento;Cableado Estructurado;Colocation;Supervisión de Instalación de Cableado;Servicio de Cableado;Enrique.Parra;CI1002031;RF374840
SD2134567;JUAN BARRERA RAMOS;Closure;Cerrado;2025-05-22 14:42:00;2025-05-31 03:17:32;27-05 // B3 10:00 AQ12 // Validación Infraestructura IM Pintana;Requerimiento;Colocation;Colocation;Acompañamiento ingreso / egreso de equipos;Servicio Colocation;Guillermo.Vega;CI1002031;RF374837
SD2134567;JUAN BARRERA RAMOS;Closure;Cerrado;2025-05-22 14:40:11;2025-05-25 20:18:32;Validación Infraestructura IM Pintana;Requerimiento;Colocation;Colocation;Ingreso y egreso de equipos;Operaciones Infraestructura;Jorge.Morales;CI1002031;RF374835
SD2130742;SAMUEL PAREDES SAEZ;Solicitud de Ticket;Abierto;2025-05-20 20:24:12;NULL;SPARTA // Solicitud apoyo revisión VMEQDOCKER;Requerimiento;Servicio Interno;Colocation;Apoyo habilitacion cliente;ProvisionVirtualizacionTI;NULL;CI1002031;RF374487
SD2130166;JUAN BARRERA RAMOS;Closure;Cerrado;2025-05-20 16:34:10;2025-05-26 14:18:37;Validación Infraestructura// Caja 18;Requerimiento;Cableado Estructurado;Colocation;Supervisión de Instalación de Cableado;Servicio de Cableado;Marcelo.Martinez;CI1002031;RF374402
SD2130166;JUAN BARRERA RAMOS;Closure;Cerrado;2025-05-20 16:14:57;2025-05-26 14:18:29;23-05 // B3 10:00 AN04 // Validación Infraestructura// Caja 18;Requerimiento;Colocation;Rack;Acompañamiento ingreso / egreso de equipos;Servicio Colocation;Karen.Reyes;CI908;RF374391
SD2130166;JUAN BARRERA RAMOS;Closure;Cerrado;2025-05-20 16:12:37;2025-05-23 20:18:11;Validación Infraestructura// Caja 18;Requerimiento;Colocation;Colocation;Ingreso y egreso de equipos;Operaciones Infraestructura;Gabriel.Salazar;CI1002031;RF374390
SD2125335;SAMUEL PAREDES SAEZ;Cierre;Cerrado;2025-05-20 02:32:09;2025-05-25 05:05:41;Visita Data Center de SAMUEL PAREDES SAEZ;Visita Data Center;colocation;Colocation;ingreso y egreso de componentes;Soporte N1 Operaciones;Karen.Reyes;CI1002031;RF374207
SD2127434;SAMUEL PAREDES SAEZ;Closure;Cerrado;2025-05-19 18:26:56;2025-05-23 16:19:01;20-05 // B4 BC61 10:00 // Ingreso /egreso de componente programado / CARABINEROS;Requerimiento;Colocation;Colocation;Acompañamiento ingreso / egreso de equipos;Servicio Colocation;Uriel.Valdes;CI1002031;RF374096
SD2127434;SAMUEL PAREDES SAEZ;Closure;Cerrado;2025-05-19 18:05:29;2025-05-21 20:26:23;Ingreso /egreso de componente programado / CARABINEROS;Requerimiento;Colocation;Colocation;Ingreso tarjetas de conectividad;Operaciones Infraestructura;Gabriel.Salazar;CI1002031;RF374089
SD2126610;SAMUEL PAREDES SAEZ;Closure;Cerrado;2025-05-19 13:06:23;2025-05-21 20:26:38;Solcitud de acceso y trabajo programado a DCH, py DRaaS;Requerimiento;TR Colocation;Colocation;Ingreso de equipos;Servicio Colocation;Karen.Reyes;CI1002031;RF373951
SD2125380;SAMUEL PAREDES SAEZ;Closure;Cerrado;2025-05-18 19:50:21;2025-05-21 21:18:28;Solcitud de acceso y trabajo programado a DCH, py DRaaS;Requerimiento;TR Colocation;Colocation;Mantenimiento cliente;Servicio Colocation;Diego.Constanzo;CI1002031;RF373836
SD2125325;SAMUEL PAREDES SAEZ;Closure;Cerrado;2025-05-18 19:22:25;2025-05-29 15:17:26;BADAMAX RETAIL S.A. ID 1581713 //Solicitud apoyo migración SDWAN;Requerimiento;Servicio Interno;Colocation;Apoyo habilitacion cliente;ProvisionConectividadTI;Alejandro.Carrasco;CI1002031;RF373835
SD2120448;JUAN BARRERA RAMOS;Closure;Cerrado;2025-05-16 20:23:21;2025-05-23 13:17:35;Revisión Rack IM Pintana // B3204AQ12;Requerimiento;Colocation;Colocation;Informe especial;Servicio Colocation;Cristobal.Morales;CI1002031;RF373455
SD2115313;JUAN BARRERA RAMOS;Closure;Cerrado;2025-05-16 19:23:04;2025-05-22 15:18:40;factibilidad Rack AN04 Sala B3;Servicios Internos;Capacidad;Colocation;Consulta de factibilidad;Operaciones Infraestructura;Dabiana.Carrero;CI1002031;RF373434
SD2120152;SAMUEL PAREDES SAEZ;Closure;Cerrado;2025-05-16 17:09:49;2025-05-21 20:26:52; NUEVO PUDAHUEL py  1598071 / Disponibilizar LUN;Requerimiento;Servicio Interno;Colocation;Torre Virtualizacion;Torre Virtualización;Pablo.Navarrete;CI1002031;RF373394
SD2120150;JUAN BARRERA RAMOS;Closure;Cerrado;2025-05-16 17:07:58;2025-05-19 19:11:34;Subsecretaria de Redes Asistenciales // Respaldo de servidores;Requerimiento;Servicio Interno;Colocation;Revisión Virtualización;Torre Respaldos;Pablo.Zbinden;CI1002031;RF373393
SD2120143;JUAN BARRERA RAMOS;Closure;Cerrado;2025-05-16 17:04:28;2025-05-19 18:10:57;Subsecretaria de Redes Asistenciales // Monitoreo;Requerimiento;Servicio Interno;Colocation;Revisión Virtualización;Torre Plataformas Internas;Ruben.Gonzalez;CI1002031;RF373391
SD2120141;JUAN BARRERA RAMOS;Closure;Cerrado;2025-05-16 17:02:08;2025-05-22 15:18:22;Subsecretaria de Redes Asistenciales // Migración  de VMs;Requerimiento;Servicio Interno;Colocation;Revisión Virtualización;Torre Virtualización;Sebastian.Panes;CI1002031;RF373389
SD2118726;JUAN BARRERA RAMOS;Closure;Cerrado;2025-05-16 03:24:31;2025-05-19 04:11:33;Subsecretaria de Redes Asistenciales // Respaldo de servidores;Requerimiento;Servicio Interno;Colocation;Revisión Virtualización;Torre Respaldos;Pablo.Zbinden;CI1002031;RF373231
SD2118723;JUAN BARRERA RAMOS;Closure;Cerrado;2025-05-16 03:22:30;2025-05-19 14:12:30;Subsecretaria de Redes Asistenciales // Monitoreo;Requerimiento;Servicio Interno;Colocation;Revisión Virtualización;Torre Plataformas Internas;Ruben.Gonzalez;CI1002031;RF373230
SD2118719;JUAN BARRERA RAMOS;Closure;Cerrado;2025-05-16 03:20:03;2025-05-22 15:17:39;Subsecretaria de Redes Asistenciales // Migración  de VMs;Requerimiento;Servicio Interno;Colocation;Revisión Virtualización;Torre Virtualización;Sebastian.Panes;CI1002031;RF373229
SD2117942;SAMUEL PAREDES SAEZ;Solicitud de Ticket;Abierto;2025-05-15 19:29:46;NULL;SPARTA // Solicitud apoyo Configuración AD;Requerimiento;Servicio Interno;Colocation;Apoyo habilitacion cliente;ProvisionVirtualizacionTI;NULL;CI1002031;RF373133
SD2117936;SAMUEL PAREDES SAEZ;Closure;Cerrado;2025-05-15 19:26:03;2025-05-25 17:17:47;SPARTA // Solicitud apoyo Microsoft, Configuración AD;Requerimiento;Servicio Interno;Colocation;Apoyo habilitacion cliente;Torre Microsoft;Jose.Sanchez;CI1002031;RF373131
SD2115720;SAMUEL PAREDES SAEZ;Solicitud de Ticket;Abierto;2025-05-15 03:11:21;NULL;SPARTA // Solicitud apoyo Configuración restauacion respaldo VM;Requerimiento;Servicio Interno;Colocation;Apoyo habilitacion cliente;ProvisionVirtualizacionTI;NULL;CI1002031;RF372918
SD2115707;SAMUEL PAREDES SAEZ;Closure;Cerrado;2025-05-15 03:06:37;2025-05-18 20:11:20;SPARTA // Solicitud apoyo restauracion respaldo VM;Requerimiento;Servicio Interno;Colocation;Apoyo habilitacion cliente;Torre Respaldos;Jessica.Nunez;CI1002031;RF372913
SD2115313;JUAN BARRERA RAMOS;Closure;Cerrado;2025-05-15 00:58:15;2025-05-26 17:17:20;factibilidad Rack AN04 Sala B3;Servicios Internos;Capacidad;Colocation;Consulta de factibilidad;Capacidad;Nicolas.Salazar;CI1002031;RF372895
SD2115527;SAMUEL PAREDES SAEZ;Closure;Cerrado;2025-05-15 00:43:00;2025-05-18 14:11:26;SPARTA // Solicitud apoyo aumento temporal vCPU;Requerimiento;Servicio Interno;Colocation;Apoyo habilitacion cliente;Torre Virtualización;Sebastian.Panes;CI1002031;RF372890
SD2114035;JUAN BARRERA RAMOS;Closure;Cerrado;2025-05-14 13:10:52;2025-05-17 22:10:29;Comercial Depor Limitada / agregar Red a VDOM;Requerimiento;Servicio Interno;Colocation;Revision de conectividad;ProvisionConectividadTI;Ivan.Ariste;CI1002031;RF372672
SD2112684;SAMUEL PAREDES SAEZ;Cierre;Cerrado;2025-05-14 02:02:41;2025-05-15 08:07:13;Visita Data Center de SAMUEL PAREDES SAEZ;Visita Data Center;colocation;Colocation;Mantenimiento cliente;Soporte N1 Operaciones;Eduardo.Godoy;CI1002031;RF372603
SD2112727;SAMUEL PAREDES SAEZ;Closure;Cerrado;2025-05-13 23:15:56;2025-05-17 01:11:03;TERMINAL PACIFICO SUR 1582312/INGRESO PERSONAL Y EQUIPOS DCH;Requerimiento;TR Colocation;Colocation;Mantenimiento cliente;Servicio Colocation;Eduardo.Godoy;CI1002031;RF372576
SD2112649;SAMUEL PAREDES SAEZ;Closure;Cerrado;2025-05-13 22:34:39;2025-05-17 19:11:32;14-05-2025// 10:00Hrs // B3-BA28 // TERMINAL PACIFICO SUR 1582312/ Egreso equipos;Requerimiento;Colocation;Colocation;Egreso de equipos;Operaciones Infraestructura;Gabriel.Salazar;CI1002031;RF372564
SD2112649;SAMUEL PAREDES SAEZ;Closure;Cerrado;2025-05-13 22:19:29;2025-05-17 18:11:05;14-05-2025// 10:00Hrs // B3-BA28 // TERMINAL PACIFICO SUR 1582312/ Egreso equipos;Requerimiento;Colocation;Colocation;Acompañamiento ingreso / egreso de equipos;Soporte N1 Operaciones;Robinson.Gutierrez;CI1002031;RF372558
SD2108823;SAMUEL PAREDES SAEZ;Closure;Cerrado;2025-05-13 16:36:46;2025-05-17 14:11:23;Solicitud aprobación ingreso equipo en colocation;Requerimiento;Cableado Estructurado;Colocation;Supervisión de Instalación de Cableado;Servicio de Cableado;Marcelo.Martinez;CI1002031;RF372466
SD2111804;SAMUEL PAREDES SAEZ;Closure;Cerrado;2025-05-13 16:20:15;2025-05-16 17:11:18;Solciitud acceso a DCH ufinet  Clietne TPS;Requerimiento;TR Colocation;Colocation;Ingreso de equipos;Soporte N1 Operaciones;Karen.Reyes;CI1002031;RF372458
SD2111740;SAMUEL PAREDES SAEZ;Cierre;Cerrado;2025-05-13 16:18:51;2025-05-14 05:16:23;Visita Data Center de SAMUEL PAREDES SAEZ;Visita Data Center;colocation;Colocation;Mantenimiento cliente;Servicio Colocation;Karen.Reyes;CI1002031;RF372453
SD2111678;SAMUEL PAREDES SAEZ;Cierre;Cerrado;2025-05-13 16:08:49;2025-05-14 05:16:10;Visita Data Center de SAMUEL PAREDES SAEZ;Visita Data Center;colocation;Colocation;Mantenimiento cliente;Servicio Colocation;Karen.Reyes;CI1002031;RF372448
SD2111628;SAMUEL PAREDES SAEZ;Cierre;Cerrado;2025-05-13 15:28:46;NULL;Visita Data Center de SAMUEL PAREDES SAEZ;Visita Data Center;colocation;Colocation;Ingreso de equipos;Servicio Colocation;Karen.Reyes;CI1002031;RF372428
SD2108823;SAMUEL PAREDES SAEZ;Closure;Cerrado;2025-05-13 12:51:33;2025-05-16 14:11:40;Solicitud aprobación ingreso equipo en colocation;Requerimiento;Colocation;Colocation;Ingreso y egreso de equipos;Operaciones Infraestructura;Gabriel.Salazar;CI1002031;RF372349
SD2109469;SAMUEL PAREDES SAEZ;Cierre;Cerrado;2025-05-12 20:48:28;2025-05-13 11:10:41;Visita Data Center de SAMUEL PAREDES SAEZ;Visita Data Center;colocation;Colocation;Mantenimiento cliente;Servicio Colocation;Sergio.Adasme;CI1002031;RF372219
SD2108823;SAMUEL PAREDES SAEZ;Closure;Cerrado;2025-05-12 14:59:05;2025-05-17 08:10:50;13-05 // B3 BA28 16:00 // Solicitud aprobación ingreso equipo en colocation;Requerimiento;Colocation;Colocation;Acompañamiento ingreso / egreso de equipos;Servicio Colocation;Eduardo.Godoy;CI1002031;RF372095
SD2105755;SAMUEL PAREDES SAEZ;Closure;Cerrado;2025-05-10 18:19:52;2025-05-15 17:11:04;1590052 DEPORTES SPARTA // Apoyo configuración AD;Requerimiento;Servicio Interno;Colocation;Torre Microsoft;Torre Microsoft;Jose.Sanchez;CI1002031;RF371775
SD2096578;JUAN BARRERA RAMOS;Closure;Cerrado;2025-05-09 15:55:17;2025-05-17 13:10:09;cotizaciones aumento de Potencia en Rack;Requerimiento;Servicio Interno;Colocation;Solicitud de cotización de Infraestructura DCL;Operaciones Infraestructura;Dabiana.Carrero;CI1002031;RF371532
SD2099030;SAMUEL PAREDES SAEZ;Closure;Cerrado;2025-05-08 13:50:03;2025-05-19 14:39:53;Solicitud creación cuenta Service Manager INTERNO CLARO;Requerimiento;Servicio Interno;Colocation;Torre Microsoft;Torre Microsoft;Jose.Sanchez;CI1002031;RF371118
SD2096909;SAMUEL PAREDES SAEZ;Closure;Cerrado;2025-05-07 20:53:19;2025-05-11 13:38:09;Solicitud creación cuente Service Manager;Requerimiento;Servicio Interno;Colocation;Apoyo habilitacion cliente;Torre Microsoft;Jose.Sanchez;CI1002031;RF370949
SD2096578;JUAN BARRERA RAMOS;Closure;Cerrado;2025-05-07 18:14:32;2025-05-18 16:10:55;cotizaciones aumento de Potencia en Rack;Requerimiento;Servicio Interno;Colocation;Consulta de factibilidad;Capacidad;Nicolas.Salazar;CI1002031;RF370867
SD2093673;SAMUEL PAREDES SAEZ;Closure;Cerrado;2025-05-06 18:43:18;2025-05-11 14:38:18;1581713_BADAMAX //Solicitud apoyo, piloto migración Sucursal a SDWAN;Requerimiento;Servicio Interno;Colocation;Apoyo habilitacion cliente;ProvisionConectividadTI;Ivan.Ariste;CI1002031;RF370517
SD2093619;SAMUEL PAREDES SAEZ;Closure;Cerrado;2025-05-06 18:21:43;2025-05-17 19:10:52;1582312 TPS DRass // creación VDOM DCH y VPN SSL;Requerimiento;Servicio Interno;Colocation;Apoyo habilitacion cliente;ProvisionConectividadTI;Alejandro.Carrasco;CI1002031;RF370514
SD2093380;SAMUEL PAREDES SAEZ;Closure;Cerrado;2025-05-06 16:15:24;2025-05-09 17:38:33;1550901 DIR. LOG. DE CARABINEROS cruzada interior rack BB61;Requerimiento;Cableado Estructurado;Colocation;Conexión de Cable UTP/FO;Servicio Colocation;Robinson.Gutierrez;CI1002031;RF370466
SD2093063;JUAN BARRERA RAMOS;Closure;Cerrado;2025-05-06 14:11:07;2025-05-09 14:41:56;DCIM Caja 18;Requerimiento;Colocation;Colocation;Inventario de equipos;Servicio Colocation;Karen.Reyes;CI1002031;RF370393
SD2090768;SAMUEL PAREDES SAEZ;Cierre;Cerrado;2025-05-06 02:08:40;2025-05-06 17:20:10;Visita Data Center / Dir. de Log de Carabineros;Visita Data Center;colocation;Colocation;Mantenimiento cliente;Servicio Colocation;Eugenio.Vargas;CI1002031;RF370249
SD2091436;SAMUEL PAREDES SAEZ;Closure;Cerrado;2025-05-05 21:34:28;2025-05-10 00:37:18;ANDES SALUD 1587395 / apoyo revisión puerto VM Rocky Linux 9.;Requerimiento;Servicio Interno;Colocation;Apoyo habilitacion cliente;Torre Linux;Alexander.Perez;CI1002031;RF370189
SD2091072;JUAN BARRERA RAMOS;Closure;Cerrado;2025-05-05 18:43:11;2025-05-09 13:39:25;Subsecretaria de Redes Asistenciales // Respaldo de servidores;Requerimiento;Servicio Interno;Colocation;Escalamiento Intertorre;Torre Respaldos;Pablo.Zbinden;CI1002031;RF370131
SD2091071;JUAN BARRERA RAMOS;Closure;Cerrado;2025-05-05 18:41:33;2025-05-09 15:38:28;Subsecretaria de Redes Asistenciales // Monitoreo;Requerimiento;Servicio Interno;Colocation;Revisión Virtualización;Torre Plataformas Internas;Ruben.Gonzalez;CI1002031;RF370130
SD2091066;JUAN BARRERA RAMOS;Closure;Cerrado;2025-05-05 18:39:18;2025-05-10 14:37:33;Subsecretaria de Redes Asistenciales // Migración  de VMs;Requerimiento;Servicio Interno;Colocation;Revisión Virtualización;Torre Virtualización;Sebastian.Panes;CI1002031;RF370128
SD2081805;ALEJANDRO AGUILAR MORALES;Cierre;Cerrado;2025-05-02 12:57:33;2025-05-03 08:51:09;Visita Data Center de ALEJANDRO AGUILAR MORALES;Visita Data Center;colocation;Colocation;Mantenimiento cliente;Servicio Colocation;Karen.Reyes;CI1002031;RF369460
SD2082495;JUAN BARRERA RAMOS;Closure;Cerrado;2025-04-30 21:34:13;2025-05-03 23:38:39;Visita Data Center de JUAN BARRERA RAMOS;Requerimiento;TR Colocation;Colocation;Mantenimiento cliente;Servicio Colocation;Ruben.Alarcon;CI1002031;RF369218
SD2081467;ALEJANDRO AGUILAR MORALES;Closure;Cerrado;2025-04-30 14:41:46;2025-05-08 18:38:17;cambio de vrf en interface INT en vdom KFC // Cliente KFC;Servicios Internos;Proyectos;Colocation;Apoyo habilitacion cliente;ProvisionConectividadTI;Alejandro.Carrasco;CI1002031;RF369059
SD2081461;ALEJANDRO AGUILAR MORALES;Closure;Cerrado;2025-04-30 14:40:10;2025-05-08 18:38:16;cambio de vrf en vdom kfc // Cliente KFC;Servicios Internos;Proyectos;Colocation;Apoyo habilitacion cliente;ProvisionConectividadTI;Alejandro.Carrasco;CI1002031;RF369058
SD2081224;SAMUEL PAREDES SAEZ;Closure;Cerrado;2025-04-30 13:38:23;2025-05-09 18:37:28;ANDES SALUD 1587395 / habilitación puertos carbonite;Requerimiento;Servicio Interno;Colocation;Apoyo habilitacion cliente;ProvisionConectividadTI;Ivan.Ariste;CI1002031;RF368995
SD2079523;SAMUEL PAREDES SAEZ;Closure;Cerrado;2025-04-29 22:17:34;2025-05-03 00:38:05;Solicitud de acceso y trabajo programado DCH 30042025 DRaaS;Requerimiento;TR Colocation;Colocation;Mantenimiento cliente;Servicio Colocation;Ruben.Alarcon;CI1002031;RF368864
SD2079523;SAMUEL PAREDES SAEZ;Closure;Cerrado;2025-04-29 22:05:27;2025-05-03 00:37:58;Solicitud de acceso y trabajo programado DCH 30042025 DRaaS;Requerimiento;Colocation;Colocation;Adicion, remocion o verificacion de sellos;Servicio Colocation;Ruben.Alarcon;CI1002031;RF368860
SD2079483;JUAN BARRERA RAMOS;Closure;Cerrado;2025-04-29 21:37:44;2025-05-05 18:37:16;Ilustre Municipalidad de la Florida//Crear Port Group;Requerimiento;Servicio Interno;Colocation;Revisión Virtualización;Torre Virtualización;Sebastian.Panes;CI1002031;RF368851
SD2078437;ALEJANDRO AGUILAR MORALES;Closure;Cerrado;2025-04-29 15:06:56;2025-05-08 13:37:35;Consulta consumo rack // Cliente COMPUTACION Y COMUNICACIONES S A;Requerimiento;Colocation;Colocation;Ingreso y egreso de equipos;Operaciones Infraestructura;Gabriel.Salazar;CI1002031;RF368669
SD2078377;ALEJANDRO AGUILAR MORALES;Closure;Cerrado;2025-04-29 14:52:57;2025-05-05 12:37:46;REQ: 4-7357 // 1617351 - Implementación Hitachi VSP 5600 TBK // Revisión Movimiento de Equipos - LIR;Requerimiento;Cableado Estructurado;Colocation;Retiro de Cableado (UTP/FO);Servicio de Cableado;Marcelo.Martinez;CI1002031;RF368663
SD2076878;JUAN BARRERA RAMOS;Closure;Cerrado;2025-04-29 01:13:36;2025-05-02 18:52:28;Subsecretaria de Redes Asistenciales // Respaldo de servidores;Requerimiento;Servicio Interno;Colocation;Torre Respaldos;Torre Respaldos;Pablo.Zbinden;CI1002031;RF368541
SD2076875;JUAN BARRERA RAMOS;Closure;Cerrado;2025-04-29 01:11:41;2025-05-02 18:52:19;Subsecretaria de Redes Asistenciales // Monitoreo;Requerimiento;Servicio Interno;Colocation;Revisión Virtualización;Torre Plataformas Internas;Ruben.Gonzalez;CI1002031;RF368539
SD2076872;JUAN BARRERA RAMOS;Closure;Cerrado;2025-04-29 01:09:19;2025-05-02 18:52:14;Subsecretaria de Redes Asistenciales // Migración  de VMs;Requerimiento;Servicio Interno;Colocation;Revisión Virtualización;Torre Virtualización;Sebastian.Panes;CI1002031;RF368538
SD2066423;SAMUEL PAREDES SAEZ;Closure;Cerrado;2025-04-25 20:55:25;2025-04-28 21:38:35;Solicitud de Acceso y Trabajo Programados a DCH / py1592778;Requerimiento;TR Colocation;Colocation;Mantenimiento cliente;Soporte N1 Operaciones;Daniel.Cifuentes;CI1002031;RF367905
SD2065759;SAMUEL PAREDES SAEZ;Closure;Cerrado;2025-04-25 15:24:20;2025-04-25 20:27:14;TERMINAL PACIFICO SUR VALPARAISO S.A. 1582312 // Solicitud manos remotas;Requerimiento;Colocation;Colocation;Informe especial;Servicio Colocation;Karen.Reyes;CI1002031;RF367780
SD2059103;ALEJANDRO AGUILAR MORALES;Closure;Cerrado;2025-04-23 16:06:07;2025-04-27 13:38:01;23/04/25 22:00 -Req. 4-3903 // WBS 6.1573040 Reemplazo VSS-DS222 en DC Paine y DC Liray;Requerimiento;Cableado Estructurado;Colocation;Retiro de Cableado (UTP/FO);Servicio de Cableado;Enrique.Parra;CI1002031;RF367069
SD2059074;JUAN BARRERA RAMOS;Closure;Cerrado;2025-04-23 15:43:21;2025-04-26 17:37:30;Suralis //Corrección de Swap;Requerimiento;Servicio Interno;Colocation;Revisión Virtualización;Torre Linux;Alexander.Perez;CI1002031;RF367060
SD2057491;SAMUEL PAREDES SAEZ;Closure;Cerrado;2025-04-23 01:52:09;2025-04-27 14:37:28;1590052 DEPORTES SPARTA // Apoyo habilitacion cliente SDWAN;Requerimiento;Servicio Interno;Colocation;Apoyo habilitacion cliente;ProvisionConectividadTI;Ivan.Ariste;CI1002031;RF366911
SD2056954;JUAN BARRERA RAMOS;Closure;Cerrado;2025-04-22 21:16:45;2025-04-25 21:39:12;SURALIS// Correcciones a Sistema Operativo Redhat;Requerimiento;Servicio Interno;Colocation;Revisión Virtualización;Torre Linux;Alexander.Perez;CI1002031;RF366864
SD2055848;JUAN BARRERA RAMOS;Closure;Cerrado;2025-04-22 13:09:31;2025-04-25 21:38:10;DISTRIBUCION DE DISCO EN SERVIDORES // Cliente SURALIS;Servicios Internos;Proyectos;Colocation;Apoyo habilitacion cliente;Torre Linux;Alexander.Perez;CI1002031;RF366659
SD2054291;SAMUEL PAREDES SAEZ;Closure;Cerrado;2025-04-21 21:24:36;2025-04-27 14:37:14;SPARTA // Solicitud apoyo revisión conectividad CALAMA;Requerimiento;Servicio Interno;Colocation;Apoyo habilitacion cliente;ProvisionConectividadTI;Ivan.Ariste;CI1002031;RF366502
SD2054228;ALEJANDRO AGUILAR MORALES;Closure;Cerrado;2025-04-21 20:58:47;2025-04-25 16:38:48;Configuracion de portgroup // CLAROCHILE SPA - 1596740 (nuevo FortiAnalyzer);Servicios Internos;Proyectos;Colocation;Apoyo habilitacion cliente;Torre Virtualización;Felipe.Chavez;CI1002031;RF366490
SD2054213;ALEJANDRO AGUILAR MORALES;Closure;Cerrado;2025-04-21 20:50:11;2025-04-26 20:37:56;Validar conectividad SDWAN // Cliente NETPROVIDER;Servicios Internos;Proyectos;Colocation;Apoyo habilitacion cliente;ProvisionConectividadTI;Alejandro.Carrasco;CI1002031;RF366485
SD2053245;SAMUEL PAREDES SAEZ;Closure;Cerrado;2025-04-21 13:33:16;2025-04-24 14:38:50;BADAMAX RETAIL S.A. ID 1581713 // Regularización aumento VPN.;Requerimiento;Servicio Interno;Colocation;Apoyo habilitacion cliente;ProvisionConectividadTI;Ivan.Ariste;CI1002031;RF366290
SD2045190;ALEJANDRO AGUILAR MORALES;Closure;Cerrado;2025-04-17 14:36:47;2025-05-10 12:37:12;Solicitud factibilidad // REDBANC S A Renovación ROADM - 1593696;Requerimiento;Servicio Interno;Colocation;Diseño de soluciones específicas. configuración SLA;Operaciones Infraestructura;Dabiana.Carrero;CI1002031;RF365582
SD2045190;ALEJANDRO AGUILAR MORALES;Closure;Cerrado;2025-04-17 14:26:47;2025-05-10 13:37:20;Solicitud factibilidad // REDBANC S A Renovación ROADM - 1593696;Requerimiento;Servicio Interno;Colocation;Consulta de factibilidad para infraestructura;Capacidad;Juan.Martinez;CI1002031;RF365578
SD2043233;JUAN BARRERA RAMOS;Closure;Cerrado;2025-04-16 16:20:44;2025-04-24 16:37:44;UPLA// Aumento de Objetos;Requerimiento;Servicio Interno;Colocation;Revision de conectividad;ProvisionConectividadTI;Alejandro.Carrasco;CI1002031;RF365295
SD2043218;JUAN BARRERA RAMOS;Closure;Cerrado;2025-04-16 16:16:15;2025-04-21 17:37:17;Minsal// Cancelar respaldo de TSM;Requerimiento;Servicio Interno;Colocation;Revisión Virtualización;Torre Virtualización;Sebastian.Panes;CI1002031;RF365289
SD2043007;ALEJANDRO AGUILAR MORALES;Closure;Cerrado;2025-04-16 15:03:54;2025-04-24 16:37:39;Replicar configuraciones en enlaces de TI con DCL;Servicios Internos;Proyectos;Colocation;Apoyo habilitacion cliente;ProvisionConectividadTI;Ivan.Ariste;CI1002031;RF365245
SD2040587;ALEJANDRO AGUILAR MORALES;Closure;Cerrado;2025-04-15 15:31:37;2025-04-30 21:37:03;26/04/25 - Req. 6-1099 //  WBS  6.1598069 - Movimiento Equipos Acceso BBN a Racks Transbank-TBK / Retiros LIRAY;Requerimiento;Cableado Estructurado;Colocation;Tendido de Fibra Óptica;Servicio de Cableado;Enrique.Parra;CI1002031;RF364904
SD2040584;ALEJANDRO AGUILAR MORALES;Closure;Cerrado;2025-04-15 15:29:09;2025-04-20 12:37:44;Req. 4-3894 //  Traslado de ATM desde Liray a Paine;Requerimiento;Cableado Estructurado;Colocation;Retiro de Cableado (UTP/FO);Servicio de Cableado;Enrique.Parra;CI1002031;RF364903
SD2037780;ALEJANDRO AGUILAR MORALES;Closure;Cerrado;2025-04-14 15:53:16;2025-04-20 15:37:51;Revision conectividad SGPI -> Sistemas // Cliente interno SGPI;Servicios Internos;Proyectos;Colocation;Apoyo habilitacion cliente;ProvisionConectividadTI;Ivan.Ariste;CI1002031;RF364579
SD2031850;SAMUEL PAREDES SAEZ;Closure;Cerrado;2025-04-11 13:08:17;2025-04-14 15:38:19;DEPORTES SPARTA LTDA./ 1596980 / Apoyo replica Double take;Requerimiento;Servicio Interno;Colocation;Apoyo habilitacion cliente;Torre Virtualización;Pablo.Navarrete;CI1002031;RF363880
SD2030389;SAMUEL PAREDES SAEZ;Closure;Cerrado;2025-04-10 22:22:43;2025-04-18 14:37:33;ECR GROUP py 1586512 // Crear VPN SSL y NAT;Requerimiento;Servicio Interno;Colocation;Apoyo habilitacion cliente;ProvisionConectividadTI;Alejandro.Carrasco;CI1002031;RF363774
SD2027293;SAMUEL PAREDES SAEZ;Closure;Cerrado;2025-04-09 19:56:04;2025-04-14 14:37:38;1581713 BADAMAX RETAIL S.A. // Revisión servicio SDWAN, Tunel Intermitente.;Requerimiento;Servicio Interno;Colocation;Apoyo habilitacion cliente;ProvisionConectividadTI;Ivan.Ariste;CI1002031;RF363327
SD2023859;SAMUEL PAREDES SAEZ;Closure;Cerrado;2025-04-08 14:40:57;2025-05-21 20:27:47;Creación AD  cleinte 1590052 DEPORTES SPARTA LTDA;Requerimiento;Servicio Interno;Colocation;Torre Microsoft;Torre Microsoft;Jose.Sanchez;CI1002031;RF362783
SD2023581;SAMUEL PAREDES SAEZ;Closure;Cerrado;2025-04-08 13:18:13;2025-04-14 18:37:30;TERMINAL PACIFICO SUR VALPARAISO S.A. 1582312 // Documentaciòn DCH DRaaS;Requerimiento;Servicio Interno;Colocation;Apoyo habilitacion cliente;ProvisionConectividadTI;Ivan.Ariste;CI1002031;RF362730
SD2023499;SAMUEL PAREDES SAEZ;Closure;Cerrado;2025-04-08 12:43:43;2025-04-18 14:37:23;1591720 - INMOBILIARIA LOS 3 ANTONIOS (ECR Group) // Documentaciòn DCH DRaaS;Requerimiento;Servicio Interno;Colocation;Apoyo habilitacion cliente;ProvisionConectividadTI;Alejandro.Carrasco;CI1002031;RF362709
SD2021951;JUAN BARRERA RAMOS;Closure;Cerrado;2025-04-07 19:47:24;2025-04-11 16:38:26;Ilustre Municipalidad de la Florida//ISO datastore;Requerimiento;Servicio Interno;Colocation;Revisión Virtualización;Torre Virtualización;Felipe.Chavez;CI1002031;RF362552
SD2021719;ALEJANDRO AGUILAR MORALES;Closure;Cerrado;2025-04-07 18:01:20;2025-04-18 21:37:12;Conexión de equipo en ATS // CLIENTE TINSA;Servicios Internos;Proyectos;Colocation;Apoyo habilitacion cliente;Operaciones Infraestructura;Gabriel.Salazar;CI1002031;RF362499
SD2014095;ALEJANDRO AGUILAR MORALES;Closure;Cerrado;2025-04-04 14:13:20;2025-04-12 18:38:04;Apoyo actividad migracion // Carbonite cliente ACF;Servicios Internos;Proyectos;Colocation;Apoyo habilitacion cliente;Torre Virtualización;Sebastian.Panes;CI1002031;RF361812
SD2014095;ALEJANDRO AGUILAR MORALES;Closure;Cerrado;2025-04-04 13:37:12;2025-04-10 15:37:40;Apoyo actividad migracion // Carbonite cliente ACF;Servicios Internos;Proyectos;Colocation;Apoyo habilitacion cliente;Torre Virtualización;Pablo.Navarrete;CI1002031;RF361791
SD2012041;SAMUEL PAREDES SAEZ;Closure;Cerrado;2025-04-03 16:56:01;2025-04-12 18:37:54;Apoyo revisión Conectividad  entre VD_CNuble y VD_INXAP // CARNES ÑUBLE;Requerimiento;Servicio Interno;Colocation;Apoyo habilitacion cliente;ProvisionConectividadTI;Alejandro.Carrasco;CI1002031;RF361548
SD2010777;ALEJANDRO AGUILAR MORALES;Closure;Cerrado;2025-04-03 13:05:33;2025-04-07 13:37:21;Aumento provisorio VDC // ACF CAPITAL S A - 1589334;Servicios Internos;Proyectos;Colocation;Apoyo habilitacion cliente;Torre Virtualización;Pablo.Navarrete;CI1002031;RF361404
SD2008465;JUAN BARRERA RAMOS;Closure;Cerrado;2025-04-02 16:28:59;2025-04-06 20:37:15;Ilustre Municipalidad de la Pintana/Puertas utilizadas en 2k;Requerimiento;Servicio Interno;Colocation;Revision de conectividad;ProvisionConectividadTI;Ivan.Ariste;CI1002031;RF361132
SD2007900;ALEJANDRO AGUILAR MORALES;Closure;Cerrado;2025-04-02 13:05:48;2025-04-05 19:38:12;Creacion VM // CLAROCHILE SPA - 1597002 (Georreferenciacion);Servicios Internos;Proyectos;Colocation;Apoyo habilitacion cliente;ProvisionVirtualizacionTI;Alejandro.Lavin;CI1002031;RF361032
SD2005934;ALEJANDRO AGUILAR MORALES;Closure;Cerrado;2025-04-01 18:41:20;2025-04-14 15:37:39;REQ: 9-1004 // Solicitud de Cableado // WBS 6.1573040 Reactivación actividades de Renovación de equi;Requerimiento;Cableado Estructurado;Colocation;Retiro de Cableado (UTP/FO);Servicio de Cableado;Enrique.Parra;CI1002031;RF360853
SD2005108;SAMUEL PAREDES SAEZ;Closure;Cerrado;2025-04-01 15:06:12;2025-04-04 15:39:16;DEPORTES SPARTA LTDA./ 1596980 Solicitud soporte, revisión SDWAN;Requerimiento;Servicio Interno;Colocation;Apoyo habilitacion cliente;ProvisionConectividadTI;Ivan.Ariste;CI1002031;RF360749
SD2004620;ALEJANDRO AGUILAR MORALES;Cierre;Cerrado;2025-04-01 12:30:38;2025-04-02 07:46:20;Visita Data Center de ALEJANDRO AGUILAR MORALES;Visita Data Center;colocation;Colocation;Ingreso de equipos;Servicio Colocation;Karen.Reyes;CI1002031;RF360677
SD2002953;SAMUEL PAREDES SAEZ;Closure;Cerrado;2025-03-31 18:12:14;2025-04-10 15:37:20;Carnes Ñuble py 1582930 // Soporte SDWAN. VALDIVIA.;Requerimiento;Servicio Interno;Colocation;Apoyo habilitacion cliente;ProvisionConectividadTI;Ivan.Ariste;CI1002031;RF360446
SD2002938;SAMUEL PAREDES SAEZ;Closure;Cerrado;2025-03-31 18:00:44;2025-04-06 16:37:31;Carnes Ñuble 1582930 //Apoyo habilitacion cliente;Requerimiento;Servicio Interno;Colocation;Apoyo habilitacion cliente;ProvisionConectividadTI;Alejandro.Carrasco;CI1002031;RF360443
SD1991757;JUAN BARRERA RAMOS;Closure;Cerrado;2025-03-27 20:22:06;2025-04-03 20:37:53;Minsal HCC// Nueva VPN;Requerimiento;Servicio Interno;Colocation;Revision de conectividad;ProvisionConectividadTI;Ivan.Ariste;CI1002031;RF359559
SD1990449;SAMUEL PAREDES SAEZ;Closure;Cerrado;2025-03-27 11:54:39;2025-03-30 13:37:53;Apoyo provisión virtualización / Migración 1590052 DEPORTES SPARTA 16022025;Requerimiento;Servicio Interno;Colocation;Apoyo habilitacion cliente;ProvisionVirtualizacionTI;Alejandro.Lavin;CI1002031;RF359355
SD1990440;SAMUEL PAREDES SAEZ;Closure;Cerrado;2025-03-27 11:52:00;2025-03-30 13:37:49;Apoyo provisión virtualización / Migración 1590052 DEPORTES SPARTA 15022025;Requerimiento;Servicio Interno;Colocation;Apoyo habilitacion cliente;ProvisionVirtualizacionTI;Alejandro.Lavin;CI1002031;RF359354
SD1990434;SAMUEL PAREDES SAEZ;Closure;Cerrado;2025-03-27 11:47:59;2025-03-30 13:37:44;Apoyo provisión virtualización / 1590052 DEPORTES SPARTA 14022025;Requerimiento;Servicio Interno;Colocation;Apoyo habilitacion cliente;ProvisionVirtualizacionTI;Alejandro.Lavin;CI1002031;RF359353
SD1990429;SAMUEL PAREDES SAEZ;Closure;Cerrado;2025-03-27 11:45:11;2025-03-30 13:37:40;Apoyo provisión virtualización / 1590052 DEPORTES SPARTA 13022025;Requerimiento;Servicio Interno;Colocation;Apoyo habilitacion cliente;ProvisionVirtualizacionTI;Alejandro.Lavin;CI1002031;RF359352
SD1990421;SAMUEL PAREDES SAEZ;Closure;Cerrado;2025-03-27 11:42:37;2025-03-30 12:38:22;Apoyo provisión virtualización / 1590052 DEPORTES SPARTA 12022025;Requerimiento;Servicio Interno;Colocation;Apoyo habilitacion cliente;ProvisionVirtualizacionTI;Alejandro.Lavin;CI1002031;RF359348
SD1989788;JUAN BARRERA RAMOS;Closure;Cerrado;2025-03-27 03:50:34;2025-03-30 18:38:01;Subsecretaria de Vivienda y Urbanismo // Respaldo de Servidores;Requerimiento;Servicio Interno;Colocation;Revisión Virtualización;Torre Respaldos;Ivan.Hernandez;CI1002031;RF359313
SD1989786;JUAN BARRERA RAMOS;Closure;Cerrado;2025-03-27 03:48:27;2025-03-31 13:37:27;Subsecretaria de Vivienda y Urbanismo //Monitotero de Servidores;Requerimiento;Servicio Interno;Colocation;Revisión Virtualización;Torre Plataformas Internas;Ruben.Gonzalez;CI1002031;RF359312
SD1989783;JUAN BARRERA RAMOS;Closure;Cerrado;2025-03-27 03:45:56;2025-04-02 15:37:02;Subsecretaria de Vivienda y Urbanismo //Migración de Servidores;Requerimiento;Servicio Interno;Colocation;Revisión Virtualización;Torre Virtualización;Sebastian.Panes;CI1002031;RF359311
SD1988814;JUAN BARRERA RAMOS;Closure;Cerrado;2025-03-26 19:43:27;2025-03-29 21:38:04;Rack Suralis;Requerimiento;Colocation;Colocation;Inventario de equipos;Servicio Colocation;Ruben.Alarcon;CI1002031;RF359190
SD1988686;ALEJANDRO AGUILAR MORALES;Closure;Cerrado;2025-03-26 18:35:50;2025-03-30 14:37:54;Creacion de Portgroup // CLAROCHILE SPA - 1597002 (Georreferenciacion);Servicios Internos;Proyectos;Colocation;Apoyo habilitacion cliente;Torre Virtualización;Pablo.Navarrete;CI1002031;RF359167
SD1987886;ALEJANDRO AGUILAR MORALES;Closure;Cerrado;2025-03-26 14:12:33;2025-03-29 14:38:44;Configuracion de NAT // VDOM Cliente SGPI;Servicios Internos;Proyectos;Colocation;Apoyo habilitacion cliente;ProvisionConectividadTI;Ivan.Ariste;CI1002031;RF359079
SD1987333;SAMUEL PAREDES SAEZ;Closure;Cerrado;2025-03-26 11:34:50;2025-04-06 15:38:00;Carnes Ñuble py 1582930 // Solicitud Ingreso Equipos a FMG/FAZ;Requerimiento;Servicio Interno;Colocation;Apoyo habilitacion cliente;ProvisionConectividadTI;Alejandro.Carrasco;CI1002031;RF359013
SD1986205;JUAN BARRERA RAMOS;Closure;Cerrado;2025-03-25 23:40:41;2025-03-29 02:38:27;Subsecretaria de Vivienda y Urbanismo // Migración de Servidores;Requerimiento;Servicio Interno;Colocation;Revisión Virtualización;Torre Virtualización;Sebastian.Panes;CI1002031;RF358938
SD1986220;JUAN BARRERA RAMOS;Closure;Cerrado;2025-03-25 23:09:47;2025-03-29 13:38:14;Subsecretaria de Vivienda y Urbanismo // Respaldo de Servidor;Requerimiento;Servicio Interno;Colocation;Torre Respaldos;Torre Respaldos;Ivan.Hernandez;CI1002031;RF358932
SD1986209;JUAN BARRERA RAMOS;Closure;Cerrado;2025-03-25 23:05:29;2025-03-31 13:37:17;Subsecretaria de Vivienda y Urbanismo  // Monitoreo de VMs;Requerimiento;Servicio Interno;Colocation;Revisión Virtualización;Torre Plataformas Internas;Ruben.Gonzalez;CI1002031;RF358931
SD1986205;JUAN BARRERA RAMOS;Closure;Cerrado;2025-03-25 23:03:01;2025-03-29 17:38:23;Subsecretaria de Vivienda y Urbanismo // Migración de Servidores;Requerimiento;Servicio Interno;Colocation;Revisión Virtualización;Torre Virtualización;Pablo.Navarrete;CI1002031;RF358930
SD1985021;JUAN BARRERA RAMOS;Closure;Cerrado;2025-03-25 14:04:23;2025-03-28 15:37:26;Suralis// Validar paso de Vlan;Requerimiento;Servicio Interno;Colocation;Revision de conectividad;ProvisionConectividadTI;Ivan.Ariste;CI1002031;RF358768
SD1985012;JUAN BARRERA RAMOS;Closure;Cerrado;2025-03-25 14:00:29;2025-03-28 18:38:37;SURALIS/Creacion de PortGroup;Requerimiento;Servicio Interno;Colocation;Revisión Virtualización;Torre Virtualización;Pablo.Navarrete;CI1002031;RF358767
SD1984652;ALEJANDRO AGUILAR MORALES;Closure;Cerrado;2025-03-25 12:23:45;2025-04-04 20:37:08;01-04 // B3 BB17 15:00 // Colocation Ingreso de Equipos // TINSA CHILE S A - 1593536;Requerimiento;Colocation;Colocation;Acompañamiento ingreso / egreso de equipos;Servicio Colocation;Daniel.Cifuentes;CI1002031;RF358699
SD1984652;ALEJANDRO AGUILAR MORALES;Closure;Cerrado;2025-03-25 12:22:47;2025-03-30 14:37:44;Colocation Ingreso de Equipos // TINSA CHILE S A - 1593536;Requerimiento;Colocation;Colocation;Ingreso y egreso de equipos;Operaciones Infraestructura;Jorge.Morales;CI1002031;RF358698
SD1873154;ALEJANDRO AGUILAR MORALES;Cierre;Cerrado;2025-03-25 01:00:07;2025-03-29 07:01:21;Visita Data Center de ALEJANDRO AGUILAR MORALES;Visita Data Center;colocation;Colocation;Mantenimiento cliente;Servicio Colocation;Daniel.Cifuentes;CI1002031;RF358590
SD1983617;JUAN BARRERA RAMOS;Closure;Cerrado;2025-03-25 00:12:34;2025-03-28 00:37:06;Subsecretaria de Redes Asistenciales // Respaldo de servidores;Requerimiento;Servicio Interno;Colocation;Revisión Virtualización;Torre Respaldos;Ivan.Hernandez;CI1002031;RF358583
SD1983612;JUAN BARRERA RAMOS;Closure;Cerrado;2025-03-25 00:10:51;2025-03-29 21:37:32;Subsecretaria de Redes Asistenciales // Monitoreo de Servidores;Requerimiento;Servicio Interno;Colocation;Revisión Virtualización;Torre Plataformas Internas;Ruben.Gonzalez;CI1002031;RF358581
SD1983608;JUAN BARRERA RAMOS;Closure;Cerrado;2025-03-25 00:08:28;2025-03-28 14:38:45;Subsecretaria de Vivienda y Urbanismo // Migración  de Servidores;Requerimiento;Servicio Interno;Colocation;Revisión Virtualización;Torre Virtualización;Pablo.Navarrete;CI1002031;RF358580
SD1982970;JUAN BARRERA RAMOS;Closure;Cerrado;2025-03-24 19:34:16;2025-03-31 17:37:46;Suralis// Asignación de IPs;Requerimiento;Servicio Interno;Colocation;Revisión Virtualización;ProvisionVirtualizacionTI;Alejandro.Lavin;CI1002031;RF358504
SD1982116;ALEJANDRO AGUILAR MORALES;Closure;Cerrado;2025-03-24 13:58:58;2025-03-27 15:38:02;Asignación de 8 ips públicas adicionales // CLAROCHILE SPA - 1597002 (Georreferenciacion);Servicios Internos;Proyectos;Colocation;Apoyo habilitacion cliente;Plataforma T3 / Soporte Especializado;Luz.Medina;CI1002031;RF358388
SD1981913;ALEJANDRO AGUILAR MORALES;Closure;Cerrado;2025-03-24 13:03:00;2025-03-28 13:37:26;Modificacion configuracion MPLS // TINSA CHILE S A - 1593536;Servicios Internos;Proyectos;Colocation;Apoyo habilitacion cliente;ProvisionConectividadTI;Ivan.Ariste;CI1002031;RF358356
SD1976583;JUAN BARRERA RAMOS;Closure;Cerrado;2025-03-22 00:42:30;2025-03-27 20:38:32;Subsecretaria de Vivienda y Urbanismo // Respaldo de Servidor;Requerimiento;Servicio Interno;Colocation;Revisión Virtualización;Torre Respaldos;Ivan.Hernandez;CI1002031;RF358055
SD1976576;JUAN BARRERA RAMOS;Closure;Cerrado;2025-03-22 00:39:15;2025-03-27 12:38:45;Subsecretaria de Vivienda y Urbanismo //Monitoreo de VMs;Requerimiento;Servicio Interno;Colocation;Revisión Virtualización;Torre Plataformas Internas;Ruben.Gonzalez;CI1002031;RF358053
SD1976564;JUAN BARRERA RAMOS;Closure;Cerrado;2025-03-22 00:36:05;2025-03-28 18:38:16;Subsecretaria de Vivienda y Urbanismo //Migración de VM;Requerimiento;Servicio Interno;Colocation;Revisión Virtualización;Torre Virtualización;Pablo.Navarrete;CI1002031;RF358052
SD1975903;ALEJANDRO AGUILAR MORALES;Closure;Cerrado;2025-03-21 19:09:40;2025-03-24 20:38:02;Validación Colocation // TINSA CHILE S A - 1593536;Requerimiento;Servicio Interno;Colocation;Apoyo habilitacion cliente;Plataforma T3 / Soporte Especializado;Victor.Covarrubias;CI1002031;RF358008
SD1975270;ALEJANDRO AGUILAR MORALES;Closure;Cerrado;2025-03-21 15:15:05;2025-03-28 19:37:49;Solicitud Documentación Conectividad // CLAROCHILE SPA - 1597002 (Georreferenciacion);Requerimiento;Servicio Interno;Colocation;Apoyo habilitacion cliente;ProvisionConectividadTI;Ivan.Ariste;CI1002031;RF357921
SD1974904;JUAN BARRERA RAMOS;Closure;Cerrado;2025-03-21 13:38:08;2025-03-27 13:37:47;Subsecretaria de Vivienda y Urbanismo //Migración de VM;Requerimiento;Servicio Interno;Colocation;Revisión Virtualización;Torre Virtualización;Sebastian.Panes;CI1002031;RF357879
SD1973698;JUAN BARRERA RAMOS;Closure;Cerrado;2025-03-21 01:59:11;2025-03-24 19:38:10;Subsecretaria de Vivienda y Urbanismo // Respaldo de VMs;Requerimiento;Servicio Interno;Colocation;Revisión Virtualización;Torre Respaldos;Ivan.Hernandez;CI1002031;RF357779
SD1973693;JUAN BARRERA RAMOS;Closure;Cerrado;2025-03-21 01:56:14;2025-03-27 13:37:38;Subsecretaria de Vivienda y Urbanismo // Monitoreo de VMs;Requerimiento;Servicio Interno;Colocation;Revisión Virtualización;Torre Plataformas Internas;Ruben.Gonzalez;CI1002031;RF357778
SD1972196;JUAN BARRERA RAMOS;Closure;Cerrado;2025-03-20 18:31:25;2025-03-27 13:37:33;Subsecretaria de Vivienda y Urbanismo // Migracion de VMs;Requerimiento;Servicio Interno;Colocation;Revisión Virtualización;Torre Virtualización;Pablo.Navarrete;CI1002031;RF357679
SD1972145;JUAN BARRERA RAMOS;Closure;Cerrado;2025-03-20 18:21:30;2025-03-23 19:37:45;Subsecretaria de Redes Asistenciales // Respaldo de servidores;Requerimiento;Servicio Interno;Colocation;Torre Respaldos;Torre Respaldos;Ivan.Hernandez;CI1002031;RF357675
SD1972137;JUAN BARRERA RAMOS;Closure;Cerrado;2025-03-20 18:19:31;2025-03-24 14:38:29;Subsecretaria de Redes Asistenciales // Monitoreo;Requerimiento;Servicio Interno;Colocation;Revisión Virtualización;Torre Plataformas Internas;Ruben.Gonzalez;CI1002031;RF357673
SD1972129;JUAN BARRERA RAMOS;Closure;Cerrado;2025-03-20 18:17:07;2025-03-23 20:38:38;Subsecretaria de Redes Asistenciales // Migración  de VMs;Requerimiento;Servicio Interno;Colocation;Torre Virtualizacion;Torre Virtualización;Sebastian.Panes;CI1002031;RF357672
SD1971251;JUAN BARRERA RAMOS;Closure;Cerrado;2025-03-20 12:43:32;2025-03-23 14:38:05;Subsecretaria de Vivienda y Urbanismo // Respaldo de Servidor;Requerimiento;Servicio Interno;Colocation;Revisión Virtualización;Torre Respaldos;Ivan.Hernandez;CI1002031;RF357539
SD1971233;JUAN BARRERA RAMOS;Closure;Cerrado;2025-03-20 12:40:15;2025-03-24 14:38:24;Subsecretaria de Redes Asistenciales // Monitoreo;Requerimiento;Servicio Interno;Colocation;Revisión Virtualización;Torre Plataformas Internas;Ruben.Gonzalez;CI1002031;RF357537
SD1971205;JUAN BARRERA RAMOS;Closure;Cerrado;2025-03-20 12:30:42;2025-03-23 20:38:07;Subsecretaria de Vivienda y Urbanismo // Migracion de VMs;Requerimiento;Servicio Interno;Colocation;Revisión Virtualización;Torre Virtualización;Sebastian.Panes;CI1002031;RF357529
SD1969389;JUAN BARRERA RAMOS;Closure;Cerrado;2025-03-19 19:12:49;2025-03-23 14:37:29;Subsecretaria de Redes Asistenciales // Respaldo de servidores;Requerimiento;Servicio Interno;Colocation;Revisión Virtualización;Torre Respaldos;Ivan.Hernandez;CI1002031;RF357353
SD1969386;JUAN BARRERA RAMOS;Closure;Cerrado;2025-03-19 19:10:33;2025-03-24 14:38:19;Subsecretaria de Vivienda y Urbanismo // Monitoreo de VMs;Requerimiento;Servicio Interno;Colocation;Revisión Virtualización;Torre Plataformas Internas;Ruben.Gonzalez;CI1002031;RF357352
SD1969379;JUAN BARRERA RAMOS;Closure;Cerrado;2025-03-19 19:08:01;2025-03-22 19:39:50;Subsecretaria de Vivienda y Urbanismo // Migracion de VMs;Requerimiento;Servicio Interno;Colocation;Revisión Virtualización;Torre Virtualización;Pablo.Navarrete;CI1002031;RF357349
SD1968641;JUAN BARRERA RAMOS;Closure;Cerrado;2025-03-19 14:45:18;2025-03-22 21:38:09;Ilustre Municipalidad de la Pintana/Vdom;Requerimiento;Servicio Interno;Colocation;Revision de conectividad;ProvisionConectividadTI;Ivan.Ariste;CI1002031;RF357237
SD1968483;ALEJANDRO AGUILAR MORALES;Closure;Cerrado;2025-03-19 13:48:29;2025-03-28 12:38:33; (24/03/25)  REQ. 6-1094/ CC Emergente CHG0037691: Apagado y desconexión de cable de poder de equipos Router VPN;Requerimiento;Cableado Estructurado;Colocation;Retiro de Cableado (UTP/FO);Servicio de Cableado;Enrique.Parra;CI1002031;RF357206
SD1968145;SAMUEL PAREDES SAEZ;Closure;Cerrado;2025-03-19 12:20:48;2025-03-24 13:37:30;º1 Carnes Ñuble 1582930 //soporte Migración Sucursal a SDWAN;Requerimiento;Servicio Interno;Colocation;Apoyo habilitacion cliente;ProvisionConectividadTI;Ivan.Ariste;CI1002031;RF357165
SD1966843;JUAN BARRERA RAMOS;Closure;Cerrado;2025-03-18 23:05:25;2025-03-22 16:38:14;Subsecretaria de Vivienda y Urbanismo // Respaldo de VMs;Requerimiento;Servicio Interno;Colocation;Revisión Virtualización;Torre Respaldos;Ivan.Hernandez;CI1002031;RF357096
SD1966833;JUAN BARRERA RAMOS;Closure;Cerrado;2025-03-18 23:02:35;2025-03-24 14:38:14;Subsecretaria de Vivienda y Urbanismo // Monitoreo de VMs;Requerimiento;Servicio Interno;Colocation;Revisión Virtualización;Torre Plataformas Internas;Ruben.Gonzalez;CI1002031;RF357094
SD1966825;JUAN BARRERA RAMOS;Closure;Cerrado;2025-03-18 22:59:39;2025-03-22 13:38:25;Subsecretaria de Vivienda y Urbanismo // Migracion  de VMs;Requerimiento;Servicio Interno;Colocation;Revisión Virtualización;Torre Virtualización;Pablo.Navarrete;CI1002031;RF357088
SD1965903;JUAN BARRERA RAMOS;Closure;Cerrado;2025-03-18 17:48:15;2025-03-22 14:37:36;Ilustre Municipalidad de la Pintana/Reglas;Requerimiento;Servicio Interno;Colocation;Revision de conectividad;ProvisionConectividadTI;Ivan.Ariste;CI1002031;RF356993
SD1965359;ALEJANDRO AGUILAR MORALES;Closure;Cerrado;2025-03-18 14:57:09;2025-03-27 18:38:06;25-03 // B3 BB17 // Colocation Ingreso de Equipos // TINSA CHILE S A - 1593536;Requerimiento;Colocation;Colocation;Acompañamiento ingreso / egreso de equipos;Servicio Colocation;Karen.Reyes;CI1002031;RF356926
SD1965359;ALEJANDRO AGUILAR MORALES;Closure;Cerrado;2025-03-18 14:52:54;2025-03-27 17:38:21;25-03 15:00  Colocation Ingreso de Equipos // TINSA CHILE S A - 1593536;Requerimiento;Colocation;Colocation;Ingreso y egreso de equipos;Operaciones Infraestructura;Jorge.Morales;CI1002031;RF356923
SD1956395;SAMUEL PAREDES SAEZ;Closure;Cerrado;2025-03-18 11:56:13;2025-03-22 16:38:03;1550901 DIR. DE LOG. DE CARABINEROS / Ingreso Colocation (Rackeo de equipo area de cableado DCL).;Requerimiento;Colocation;Colocation;Acompañamiento ingreso / egreso de equipos;Servicio de Cableado;Enrique.Parra;CI1002031;RF356840
SD1963810;SAMUEL PAREDES SAEZ;Cierre;Cerrado;2025-03-18 02:10:35;2025-03-19 06:33:11;Visita Data Center de SAMUEL PAREDES SAEZ;Visita Data Center;colocation;Colocation;Ingreso de equipos;Soporte N1 Operaciones;Diego.Constanzo;CI1002031;RF356783
SD1963660;SAMUEL PAREDES SAEZ;Closure;Cerrado;2025-03-18 01:10:28;2025-03-18 01:13:42;Visita Data Center de SAMUEL PAREDES SAEZ;Requerimiento;Colocation;Colocation;Ingreso y egreso de equipos;Servicio Colocation;Diego.Constanzo;CI1002031;RF356774
SD1963660;SAMUEL PAREDES SAEZ;Solicitud de Ticket;Abierto;2025-03-18 01:09:31;NULL;Visita Data Center de SAMUEL PAREDES SAEZ;Requerimiento;NULL;NULL;NULL;Soporte N1 Operaciones;NULL;NULL;RF356773
SD1962973;ALEJANDRO AGUILAR MORALES;Closure;Cerrado;2025-03-17 20:02:53;2025-03-24 13:37:25;Solicitud de Refactibilidad // ADMINISTRADORA DE FONDOS DE PENSIONES CUPRUM S.A. - 1591444;Servicios Internos;Proyectos;Colocation;Apoyo habilitacion cliente;Operaciones Infraestructura;Dabiana.Carrero;CI1002031;RF356693
SD1962846;ALEJANDRO AGUILAR MORALES;Closure;Cerrado;2025-03-17 19:08:53;2025-03-24 13:37:24;Asignación de recursos y provisión de conectividad // Morpheous // CLAROCHILE SPA - 1596237;Servicios Internos;Proyectos;Colocation;Apoyo habilitacion cliente;Plataforma T3 / Soporte Especializado;Victor.Covarrubias;CI1002031;RF356672
SD1962469;ALEJANDRO AGUILAR MORALES;Closure;Cerrado;2025-03-17 16:06:17;2025-03-20 20:38:18;OK de capacidad Recursos Virtuales // 1597002 - Proyecto interno para aplicación de georreferenciaci;Requerimiento;Servicio Interno;Colocation;Consulta de capacidad;Torre Respaldos;Ivan.Hernandez;CI1002031;RF356626
SD1962503;JUAN BARRERA RAMOS;Closure;Cerrado;2025-03-17 16:03:43;2025-03-20 19:39:19;Subsecretaria de Vivienda y Urbanismo // Permisos Monitoreo;Requerimiento;Servicio Interno;Colocation;Revision de conectividad;Plataforma T3 / Soporte Especializado;Luz.Medina;CI1002031;RF356622
SD1962469;ALEJANDRO AGUILAR MORALES;Closure;Cerrado;2025-03-17 16:02:17;2025-03-22 13:37:45;OK de capacidad Recursos Virtuales // 1597002 - Proyecto interno para aplicación de georreferenciaci;Requerimiento;Servicio Interno;Colocation;Consulta de capacidad;Capacidad;Juan.Martinez;CI1002031;RF356621
SD1959195;JUAN BARRERA RAMOS;Closure;Cerrado;2025-03-16 01:36:24;2025-03-20 13:38:53;Subsecretaria de Redes Asistenciales // Respaldo de servidores;Requerimiento;Servicio Interno;Colocation;Revisión Virtualización;Torre Respaldos;Jessica.Nunez;CI1002031;RF356334
SD1959190;JUAN BARRERA RAMOS;Closure;Cerrado;2025-03-16 01:30:43;2025-03-21 13:38:17;Subsecretaria de Vivienda y Urbanismo // Monitoreo de VMs;Requerimiento;Servicio Interno;Colocation;Revisión Virtualización;Torre Plataformas Internas;Ruben.Gonzalez;CI1002031;RF356333
SD1959186;JUAN BARRERA RAMOS;Closure;Cerrado;2025-03-16 01:28:15;2025-03-21 13:38:13;Subsecretaria de Vivienda y Urbanismo // Migración de VMs;Requerimiento;Servicio Interno;Colocation;Revisión Virtualización;Torre Virtualización;Pablo.Navarrete;CI1002031;RF356332
SD1956395;SAMUEL PAREDES SAEZ;Closure;Cerrado;2025-03-15 11:35:03;2025-03-20 19:38:36;18-03 10:00 B4 BC61 // 1550901 DIR. DE LOG. DE CARABINEROS / Ingreso Colocation;Requerimiento;Cableado Estructurado;Colocation;Tendido de UTP;Servicio de Cableado;Enrique.Parra;CI1002031;RF356246
SD1956395;SAMUEL PAREDES SAEZ;Closure;Cerrado;2025-03-15 11:32:32;2025-03-21 19:37:38;18-03 10:00 B4 BC61 // 1550901 DIR. DE LOG. DE CARABINEROS / Ingreso Colocation;Requerimiento;Colocation;Jaula;Acompañamiento ingreso / egreso de equipos;Servicio Colocation;Luis.Castillo;CI769;RF356245
SD1956393;JUAN BARRERA RAMOS;Cierre;Cerrado;2025-03-14 21:10:51;2025-03-15 07:00:17;Fwd: DELL/ CLARO SERVICIOS EMPRESARIALES WOT15090855 - 458539829 MODELO: POWEREDGE R740XD SERIE: 60B;Visita Data Center;colocation;Colocation;Ingreso de equipos;Soporte N1 Operaciones;Uriel.Valdes;CI1002031;RF356186
SD1956395;SAMUEL PAREDES SAEZ;Closure;Cerrado;2025-03-14 21:00:12;2025-03-21 20:37:46;18-03 10:00 B4 BC61 // 1550901 DIR. DE LOG. DE CARABINEROS / Ingreso Colocation;Requerimiento;Colocation;Jaula;Ingreso de equipos;Operaciones Infraestructura;Jorge.Morales;CI769;RF356185
SD1956250;JUAN BARRERA RAMOS;Closure;Cerrado;2025-03-14 19:30:23;2025-03-20 17:38:12;Ilustre Municipalidad de la Pintana/ Reglas de FW;Requerimiento;Servicio Interno;Colocation;Revision de conectividad;ProvisionConectividadTI;Ivan.Ariste;CI1002031;RF356170
SD1956221;JUAN BARRERA RAMOS;Closure;Cerrado;2025-03-14 19:13:46;2025-03-20 15:38:00;Subsecretaria de Vivienda y Urbanismo // Respaldo de Servidor;Requerimiento;Servicio Interno;Colocation;Torre Respaldos;Torre Respaldos;Ivan.Hernandez;CI1002031;RF356166
SD1956215;JUAN BARRERA RAMOS;Closure;Cerrado;2025-03-14 19:11:21;2025-03-17 20:38:09;Subsecretaria de Vivienda y Urbanismo // Monitoreo;Requerimiento;Servicio Interno;Colocation;Revisión Virtualización;Torre Plataformas Internas;Ruben.Gonzalez;CI1002031;RF356164
SD1956212;JUAN BARRERA RAMOS;Closure;Cerrado;2025-03-14 19:09:05;2025-03-17 19:40:27;Subsecretaria de Vivienda y Urbanismo //Migración;Requerimiento;Servicio Interno;Colocation;Revisión Virtualización;Torre Virtualización;Pablo.Navarrete;CI1002031;RF356162
SD1955781;JUAN BARRERA RAMOS;Closure;Cerrado;2025-03-14 15:10:10;2025-03-17 19:40:01;Minvu/ Nueva Red de Monitoreo;Requerimiento;Servicio Interno;Colocation;Revision de conectividad;Plataforma T3 / Soporte Especializado;Victor.Covarrubias;CI1002031;RF356083
SD1954240;JUAN BARRERA RAMOS;Closure;Cerrado;2025-03-14 13:21:59;2025-03-20 13:38:22;Minvu/ Migración de Servidores;Requerimiento;Servicio Interno;Colocation;Revisión Virtualización;Torre Virtualización;Alvaro.Martinez;CI1002031;RF356041
SD1954254;JUAN BARRERA RAMOS;Closure;Cerrado;2025-03-14 00:54:59;2025-03-17 15:38:35;Minvu// Monitoreo;Requerimiento;Servicio Interno;Colocation;Revisión Virtualización;Torre Plataformas Internas;Ruben.Gonzalez;CI1002031;RF355948
SD1954245;JUAN BARRERA RAMOS;Closure;Cerrado;2025-03-14 00:50:12;2025-03-17 19:39:04;Minvu// Monitoreo;Requerimiento;Servicio Interno;Colocation;Revisión Virtualización;Torre Respaldos;Jessica.Nunez;CI1002031;RF355947
SD1954240;JUAN BARRERA RAMOS;Closure;Cerrado;2025-03-14 00:46:41;2025-03-17 15:38:31;Minvu/ Migración de Servidores;Requerimiento;Servicio Interno;Colocation;Revisión Virtualización;Torre Virtualización;Pablo.Navarrete;CI1002031;RF355946
SD1949850;SAMUEL PAREDES SAEZ;Cierre;Cerrado;2025-03-13 01:00:54;2025-03-13 14:25:37;Visita Data Center de SAMUEL PAREDES SAEZ;Visita Data Center;colocation;Colocation;Mantenimiento cliente;Servicio Colocation;Eduardo.Godoy;CI1002031;RF355640
SD1949904;SAMUEL PAREDES SAEZ;Closure;Cerrado;2025-03-12 21:53:11;2025-03-16 00:37:28;Solicitud de Acceso y Trabajos Programados, DCH, Sala Claro 3, HPE,18022025;Requerimiento;TR Colocation;Colocation;Mantenimiento cliente;Servicio Colocation;Eduardo.Godoy;CI1002031;RF355613
SD1943745;JUAN BARRERA RAMOS;Closure;Cerrado;2025-03-10 22:54:29;2025-03-17 19:38:05;Ilustre Municipalidad de la Pintana/Cambiar IP publica;Requerimiento;Servicio Interno;Colocation;Revision de conectividad;ProvisionConectividadTI;Ivan.Ariste;CI1002031;RF354948
SD1942210;SAMUEL PAREDES SAEZ;Closure;Cerrado;2025-03-10 15:08:32;2025-03-17 13:37:53;1581190 AYESA // Apoyo prueba DR;Requerimiento;Servicio Interno;Colocation;Apoyo habilitacion cliente;Torre SAP;Edwin.Martinez;CI1002031;RF354812
SD1942203;SAMUEL PAREDES SAEZ;Closure;Cerrado;2025-03-10 15:04:49;2025-03-17 17:40:19;1581190 AYESA // Apoyo prueba DR;Requerimiento;Servicio Interno;Colocation;Apoyo habilitacion cliente;ProvisionVirtualizacionTI;Alejandro.Lavin;CI1002031;RF354810
SD1942166;SAMUEL PAREDES SAEZ;Closure;Cerrado;2025-03-10 15:00:53;2025-03-15 18:37:54;1581190 AYESA // Apoyo prueba DR;Requerimiento;Servicio Interno;Colocation;Apoyo habilitacion cliente;ProvisionConectividadTI;Ivan.Ariste;CI1002031;RF354809
SD1942156;SAMUEL PAREDES SAEZ;Closure;Cerrado;2025-03-10 14:52:50;2025-03-15 23:37:39;1581190 AYESA // Apoyo prueba DR;Requerimiento;Servicio Interno;Colocation;Apoyo habilitacion cliente;Torre Virtualización;Pablo.Navarrete;CI1002031;RF354801
SD1930632;JUAN BARRERA RAMOS;Cierre;Cerrado;2025-03-07 16:10:27;2025-03-07 18:35:05;Visita Data Center de JUAN BARRERA RAMOS;Visita Data Center;colocation;Colocation;Mantenimiento cliente;Servicio Colocation;Robinson.Gutierrez;CI1002031;RF354275
SD1928031;JUAN BARRERA RAMOS;Closure;Cerrado;2025-03-06 18:48:36;2025-03-10 11:37:54;Revisión conexión SOAINT //AG12 Minsal;Requerimiento;Cableado Estructurado;Colocation;Supervisión de Instalación de Cableado;Servicio de Cableado;Marcelo.Martinez;CI1002031;RF354025
SD1928015;JUAN BARRERA RAMOS;Closure;Cerrado;2025-03-06 18:43:01;2025-03-10 17:37:51;I MUNICIPALIDAD DE LA FLORIDA// Agregar equipos a FMG, FAZ y Fortiportal;Requerimiento;Servicio Interno;Colocation;Revision de conectividad;ProvisionConectividadTI;Alejandro.Carrasco;CI1002031;RF354022
SD1925666;JUAN BARRERA RAMOS;Closure;Cerrado;2025-03-06 12:10:44;2025-03-09 19:38:53;RV: MINSAL :  conexion a PIT CHILE - SOAINT;Requerimiento;Cableado Estructurado;Colocation;Tendido de Fibra Óptica;Servicio de Cableado;Marcelo.Martinez;CI1002031;RF353884
SD1926427;SAMUEL PAREDES SAEZ;Closure;Cerrado;2025-03-06 04:10:51;2025-03-10 14:38:14;ECR GROUP py 1586512 // Agregarr nuevo segmento Internal LAN.;Requerimiento;Servicio Interno;Colocation;Apoyo habilitacion cliente;ProvisionConectividadTI;Ivan.Ariste;CI1002031;RF353836
SD1925925;JUAN BARRERA RAMOS;Closure;Cerrado;2025-03-05 20:52:15;2025-03-10 14:38:09;Ilustre Municipalidad de la Pintana/Apoyo a telefonia;Requerimiento;Servicio Interno;Colocation;Revision de conectividad;ProvisionConectividadTI;Ivan.Ariste;CI1002031;RF353773
SD1925119;SAMUEL PAREDES SAEZ;Closure;Cerrado;2025-03-05 15:58:36;2025-03-14 20:38:14;ANDES SALUD 1587395 / Revisión suscripción AZURE;Requerimiento;Servicio Interno;Colocation;Apoyo habilitacion cliente;ProvisionVirtualizacionTI;Antonio.Palominos;CI1002031;RF353677
SD1923031;JUAN BARRERA RAMOS;Closure;Cerrado;2025-03-04 21:34:20;2025-03-10 17:37:11;Ilustre Municipalidad de la Pintana/Acompañamiento;Requerimiento;Servicio Interno;Colocation;Revision de conectividad;ProvisionConectividadTI;Alejandro.Carrasco;CI1002031;RF353445
SD1922572;JUAN BARRERA RAMOS;Closure;Cerrado;2025-03-04 18:45:51;2025-03-07 19:38:53;Subsecretaria de Redes Asistenciales // Respaldo de servidores;Requerimiento;Servicio Interno;Colocation;Revisión Virtualización;Torre Respaldos;Pablo.Zbinden;CI1002031;RF353384
SD1922554;JUAN BARRERA RAMOS;Closure;Cerrado;2025-03-04 18:42:35;2025-03-08 13:37:34;Subsecretaria de Redes Asistenciales // Monitoreo;Requerimiento;Servicio Interno;Colocation;Revisión Virtualización;Torre Plataformas Internas;Ruben.Gonzalez;CI1002031;RF353381
SD1922507;JUAN BARRERA RAMOS;Closure;Cerrado;2025-03-04 18:32:42;2025-03-09 21:37:42;Subsecretaria de Redes Asistenciales // Migración  de VMs;Requerimiento;Servicio Interno;Colocation;Revisión Virtualización;Torre Virtualización;Sebastian.Panes;CI1002031;RF353376
SD1911480;SAMUEL PAREDES SAEZ;Cierre;Cerrado;2025-03-04 00:30:04;2025-03-04 17:52:24;Visita Data Center de SAMUEL PAREDES SAEZ;Visita Data Center;colocation;Colocation;Ingreso de equipos;Soporte N1 Operaciones;Karen.Reyes;CI1002031;RF353179
SD1919091;SAMUEL PAREDES SAEZ;Closure;Cerrado;2025-03-03 20:19:37;2025-03-07 13:38:14;Configuracion de portgroup / DR Huechuraba / TERMINAL PACIFICO SUR VALPARAISO S A py 1595927;Requerimiento;Servicio Interno;Colocation;Revisión Virtualización;Torre Virtualización;Pablo.Navarrete;CI1002031;RF353137
SD1918637;SAMUEL PAREDES SAEZ;Closure;Cerrado;2025-03-03 18:30:15;2025-03-10 18:38:03;CLARO CHILE SPA 1595492 ECOMMERCE B2B // Configuración NAT CCE;Requerimiento;Servicio Interno;Colocation;Apoyo habilitacion cliente;ProvisionVirtualizacionTI;Antonio.Palominos;CI1002031;RF353083
SD1918472;JUAN BARRERA RAMOS;Closure;Cerrado;2025-03-03 17:29:06;2025-03-06 18:37:28;Subsecretaria de Redes Asistenciales // Respaldo de servidores;Requerimiento;Servicio Interno;Colocation;Torre Respaldos;Torre Respaldos;Pablo.Zbinden;CI1002031;RF353067
SD1918466;JUAN BARRERA RAMOS;Closure;Cerrado;2025-03-03 17:27:04;2025-03-06 18:37:24;Subsecretaria de Redes Asistenciales // Monitoreo;Requerimiento;Servicio Interno;Colocation;Revisión Virtualización;Torre Plataformas Internas;Ruben.Gonzalez;CI1002031;RF353065
SD1918457;JUAN BARRERA RAMOS;Closure;Cerrado;2025-03-03 17:24:52;2025-03-09 18:37:25;Subsecretaria de Redes Asistenciales // Migración  de VMs;Requerimiento;Servicio Interno;Colocation;Revisión Virtualización;Torre Virtualización;Alvaro.Martinez;CI1002031;RF353063
SD1911414;ALEJANDRO AGUILAR MORALES;Cierre;Cerrado;2025-02-28 16:00:19;2025-03-01 02:23:39;Visita Data Center de ALEJANDRO AGUILAR MORALES;Visita Data Center;colocation;Colocation;Mantenimiento cliente;Servicio Colocation;Karen.Reyes;CI1002031;RF352423
SD1908993;ALEJANDRO AGUILAR MORALES;Closure;Cerrado;2025-02-27 19:20:50;2025-03-06 15:37:55;Reserva de Capacidad Colocation // TINSA CHILE S A - 1593536;Requerimiento;Servicio Interno;Colocation;Consulta de factibilidad;Operaciones Infraestructura;Dabiana.Carrero;CI1002031;RF352202
SD1908993;ALEJANDRO AGUILAR MORALES;Closure;Cerrado;2025-02-27 18:32:02;2025-03-07 19:38:09;Reserva de Capacidad Colocation // TINSA CHILE S A - 1593536;Requerimiento;Servicio Interno;Colocation;Consulta de factibilidad;Capacidad;Juan.Martinez;CI1002031;RF352190
SD1907388;SAMUEL PAREDES SAEZ;Closure;Cerrado;2025-02-27 11:06:59;2025-03-02 12:38:40;TPS DRass, 1582312 / Configurar salida a internet Storage 2;Requerimiento;Servicio Interno;Colocation;Apoyo habilitacion cliente;Plataforma T3 / Soporte Especializado;Victor.Covarrubias;CI1002031;RF352041
SD1905194;ALEJANDRO AGUILAR MORALES;Closure;Cerrado;2025-02-26 19:22:56;2025-03-02 19:37:11;Configurar redes LAN para replicas en VEEAM // DR AYESA HUECHURABA;Servicios Internos;Proyectos;Colocation;Apoyo habilitacion cliente;Torre Virtualización;Pablo.Navarrete;CI1002031;RF351891
SD1904963;ALEJANDRO AGUILAR MORALES;Closure;Cerrado;2025-02-26 19:09:58;2025-03-16 14:37:19;12-03 // B3 BB17 10:00 // Reserva de Capacidad Colocation // TINSA CHILE S A - 1593536;Requerimiento;Colocation;Chasis;Acompañamiento ingreso / egreso de equipos;Servicio Colocation;Cristobal.Morales;CI1300;RF351888
SD1904963;ALEJANDRO AGUILAR MORALES;Closure;Cerrado;2025-02-26 19:03:08;2025-03-03 16:37:16;Reserva de Capacidad Colocation // TINSA CHILE S A - 1593536;Requerimiento;Colocation;Colocation;Ingreso y egreso de equipos;Operaciones Infraestructura;Gabriel.Salazar;CI1002031;RF351882
SD1873176;ALEJANDRO AGUILAR MORALES;Cierre;Cerrado;2025-02-26 12:00:17;2025-02-27 06:08:24;Visita Data Center de ALEJANDRO AGUILAR MORALES;Visita Data Center;colocation;Colocation;Mantenimiento cliente;Servicio Colocation;Daniel.Cifuentes;CI1002031;RF351751
SD1873169;ALEJANDRO AGUILAR MORALES;Cierre;Cerrado;2025-02-26 01:00:14;2025-02-26 21:12:25;Visita Data Center de ALEJANDRO AGUILAR MORALES;Visita Data Center;colocation;Colocation;Mantenimiento cliente;Servicio Colocation;Daniel.Cifuentes;CI1002031;RF351687
SD1886368;SAMUEL PAREDES SAEZ;Closure;Cerrado;2025-02-25 15:50:26;2025-03-01 13:38:06;1582930 CARNES ÑUBLE / Validaciòn permisos usuarios VPN SSL;Requerimiento;Servicio Interno;Colocation;Apoyo habilitacion cliente;ProvisionConectividadTI;Ivan.Ariste;CI1002031;RF351580
SD1886294;SAMUEL PAREDES SAEZ;Closure;Cerrado;2025-02-25 15:50:13;2025-03-07 18:37:55;04-03 // B4 10:00 BC61 // 1550901 DIR. DE LOG. DE CARABINEROS / Ingreso Colocation;Requerimiento;Colocation;Colocation;Acompañamiento ingreso / egreso de equipos;Servicio Colocation;Ruben.Alarcon;CI1002031;RF351579
SD1886294;SAMUEL PAREDES SAEZ;Closure;Cerrado;2025-02-25 15:33:15;2025-03-01 19:38:05;1550901 DIR. DE LOG. DE CARABINEROS / Ingreso Colocation;Requerimiento;Colocation;Jaula;Ingreso y egreso de equipos;Operaciones Infraestructura;Jorge.Morales;CI769;RF351574
SD1885864;ALEJANDRO AGUILAR MORALES;Closure;Cerrado;2025-02-25 14:31:14;2025-03-01 14:37:47;Habilitación de licencias FORTITOKEN // BATA CHILE S.A. ID 1591973;Servicios Internos;Proyectos;Colocation;Apoyo habilitacion cliente;ProvisionConectividadTI;Ivan.Ariste;CI1002031;RF351549
SD1885813;ALEJANDRO AGUILAR MORALES;Closure;Cerrado;2025-02-25 14:16:57;2025-03-01 14:37:46;Creacion de ADOM en FMG // INSTITUTO DE SEGURIDAD LABORAL - 1592204;Servicios Internos;Proyectos;Colocation;Apoyo habilitacion cliente;ProvisionConectividadTI;Alejandro.Carrasco;CI1002031;RF351542
SD1873159;ALEJANDRO AGUILAR MORALES;Cierre;Cerrado;2025-02-25 12:00:57;2025-02-27 05:13:58;Visita Data Center de ALEJANDRO AGUILAR MORALES;Visita Data Center;colocation;Colocation;Mantenimiento cliente;Servicio Colocation;Daniel.Cifuentes;CI1002031;RF351475
SD1882609;ALEJANDRO AGUILAR MORALES;Closure;Cerrado;2025-02-24 17:23:45;2025-02-28 14:37:27;Configuracion de portgroup //  BESS PUEBLO HUNDIDO SPA - 1594686;Servicios Internos;Proyectos;Colocation;Apoyo habilitacion cliente;Torre Virtualización;Pablo.Navarrete;CI1002031;RF351295
SD1882585;ALEJANDRO AGUILAR MORALES;Closure;Cerrado;2025-02-24 17:17:22;2025-02-28 14:37:26;Configuracion de portgroup //  SOTRACER S.A. - 1596205;Servicios Internos;Proyectos;Colocation;Apoyo habilitacion cliente;Torre Virtualización;Pablo.Navarrete;CI1002031;RF351293
SD1882240;SAMUEL PAREDES SAEZ;Closure;Cerrado;2025-02-24 15:19:14;2025-02-27 16:38:29;CLARO CHILE SPA 1595492 ECOMMERCE B2B/Revisón conectividad.;Requerimiento;Servicio Interno;Colocation;Apoyo habilitacion cliente;ProvisionConectividadTI;Ivan.Ariste;CI1002031;RF351245
SD1873149;ALEJANDRO AGUILAR MORALES;Cierre;Cerrado;2025-02-24 12:00:30;2025-02-27 05:14:43;Visita Data Center de ALEJANDRO AGUILAR MORALES;Visita Data Center;colocation;Colocation;Mantenimiento cliente;Servicio Colocation;Daniel.Cifuentes;CI1002031;RF351158
SD1873129;ALEJANDRO AGUILAR MORALES;Cierre;Cerrado;2025-02-24 01:00:17;2025-02-25 04:10:57;Visita Data Center de ALEJANDRO AGUILAR MORALES;Visita Data Center;colocation;Colocation;Mantenimiento cliente;Servicio Colocation;Daniel.Cifuentes;CI1002031;RF351103
SD1873483;JUAN BARRERA RAMOS;Closure;Cerrado;2025-02-21 15:31:21;2025-02-27 13:37:49;Ilustre Municipalidad de la Pintana/Habilitar puertas en 2k;Requerimiento;Servicio Interno;Colocation;Revision de conectividad;ProvisionConectividadTI;Ivan.Ariste;CI1002031;RF350772
SD1873320;JUAN BARRERA RAMOS;Cierre;Cerrado;2025-02-21 15:00:12;NULL;Visita Data Center de JUAN BARRERA RAMOS;Visita Data Center;colocation;Colocation;Ingreso de equipos;Servicio Colocation;Daniel.Cifuentes;CI1002031;RF350757
SD1871474;JUAN BARRERA RAMOS;Cierre;Cerrado;2025-02-21 04:30:45;2025-02-22 08:46:57;Visita Data Center de JUAN BARRERA RAMOS;Visita Data Center;colocation;Colocation;Mantenimiento cliente;Soporte N1 Operaciones;Guillermo.Vega;CI1002031;RF350658
SD1865494;ALEJANDRO AGUILAR MORALES;Cierre;Cerrado;2025-02-21 00:00:21;2025-02-21 20:53:16;Visita Data Center de ALEJANDRO AGUILAR MORALES;Visita Data Center;colocation;Colocation;Mantenimiento cliente;Servicio Colocation;Karen.Reyes;CI1002031;RF350625
SD1871076;JUAN BARRERA RAMOS;Closure;Cerrado;2025-02-20 17:56:25;2025-03-02 15:38:05;Suralis // Creacion de VMs en ambiente SAP;Requerimiento;Servicio Interno;Colocation;Revisión Virtualización;ProvisionVirtualizacionTI;Alejandro.Lavin;CI1002031;RF350490
SD1871073;JUAN BARRERA RAMOS;Closure;Cerrado;2025-02-20 17:54:05;2025-03-02 15:38:01;Suralis // Creacion de VMs en ambiente SAP;Requerimiento;Servicio Interno;Colocation;Revisión Virtualización;ProvisionVirtualizacionTI;Alejandro.Lavin;CI1002031;RF350487
SD1871069;JUAN BARRERA RAMOS;Closure;Cerrado;2025-02-20 17:51:53;2025-03-02 15:37:57;Suralis // Creacion de VMs en ambiente SAP;Requerimiento;Servicio Interno;Colocation;Revisión Virtualización;ProvisionVirtualizacionTI;Alejandro.Lavin;CI1002031;RF350485
SD1871063;JUAN BARRERA RAMOS;Closure;Cerrado;2025-02-20 17:49:41;2025-03-02 15:37:54;Suralis // Creacion de VMs en ambiente SAP;Requerimiento;Servicio Interno;Colocation;Revisión Virtualización;ProvisionVirtualizacionTI;Alejandro.Lavin;CI1002031;RF350481
SD1871060;JUAN BARRERA RAMOS;Closure;Cerrado;2025-02-20 17:45:47;2025-03-02 15:37:50;Suralis // Creacion de VMs en ambiente SAP;Requerimiento;Servicio Interno;Colocation;Revisión Virtualización;ProvisionVirtualizacionTI;Alejandro.Lavin;CI1002031;RF350478
SD1871008;JUAN BARRERA RAMOS;Closure;Cerrado;2025-02-20 17:17:31;2025-03-02 15:37:47;Suralis // Creacion de VMs en ambiente SAP;Requerimiento;Servicio Interno;Colocation;Revisión Virtualización;ProvisionVirtualizacionTI;Alejandro.Lavin;CI1002031;RF350469
SD1871000;JUAN BARRERA RAMOS;Closure;Cerrado;2025-02-20 17:14:43;2025-03-01 20:37:23;Suralis // Creacion de VMs en ambiente SAP;Requerimiento;Servicio Interno;Colocation;Revisión Virtualización;ProvisionVirtualizacionTI;Alejandro.Lavin;CI1002031;RF350467
SD1865481;ALEJANDRO AGUILAR MORALES;Cierre;Cerrado;2025-02-20 00:00:37;2025-02-20 18:15:22;Visita Data Center de ALEJANDRO AGUILAR MORALES;Visita Data Center;colocation;Colocation;Mantenimiento cliente;Servicio Colocation;Karen.Reyes;CI1002031;RF350256
SD1868768;SAMUEL PAREDES SAEZ;Closure;Cerrado;2025-02-19 20:51:29;2025-02-23 15:38:35;TPS DRass // Consulta inter vdom link // py  1582312;Requerimiento;Servicio Interno;Colocation;Apoyo habilitacion cliente;ProvisionConectividadTI;Ivan.Ariste;CI1002031;RF350220
SD1868370;JUAN BARRERA RAMOS;Closure;Cerrado;2025-02-19 18:08:39;2025-02-24 20:37:42;21-02 // B3 10:00 AH09// Validación de Infraestructura/IM de la Florida;Requerimiento;Colocation;Colocation;Acompañamiento ingreso / egreso de equipos;Servicio Colocation;Sergio.Adasme;CI1002031;RF350158
SD1868370;JUAN BARRERA RAMOS;Closure;Cerrado;2025-02-19 18:07:13;2025-02-23 19:37:33;Validación de Infraestructura/IM de la Florida;Requerimiento;Colocation;Colocation;Ingreso y egreso de equipos;Operaciones Infraestructura;Gabriel.Salazar;CI1002031;RF350157
SD1867721;ALEJANDRO AGUILAR MORALES;Closure;Cerrado;2025-02-19 13:19:52;2025-02-22 19:38:14;Documentación Conectividad CCLOUD // BESS PUEBLO HUNDIDO SPA - 1594686;Servicios Internos;Proyectos;Colocation;Apoyo habilitacion cliente;ProvisionConectividadTI;Ivan.Ariste;CI1002031;RF350058
SD1855393;ALEJANDRO AGUILAR MORALES;Cierre;Cerrado;2025-02-19 12:00:31;2025-02-22 08:45:53;Visita Data Center de ALEJANDRO AGUILAR MORALES;Visita Data Center;colocation;Colocation;Mantenimiento cliente;Servicio Colocation;Karen.Reyes;CI1002031;RF350026
SD1862701;ALEJANDRO AGUILAR MORALES;Cierre;Cerrado;2025-02-19 01:30:43;2025-02-19 15:42:14;Visita Data Center de ALEJANDRO AGUILAR MORALES;Visita Data Center;colocation;Colocation;Mantenimiento cliente;Servicio Colocation;Karen.Reyes;CI1002031;RF349943
SD1852822;ALEJANDRO AGUILAR MORALES;Cierre;Cerrado;2025-02-19 01:00:14;2025-02-19 21:26:15;Visita Data Center de ALEJANDRO AGUILAR MORALES;Visita Data Center;colocation;Colocation;Mantenimiento cliente;Servicio Colocation;Karen.Reyes;CI1002031;RF349940
SD1865472;ALEJANDRO AGUILAR MORALES;Cierre;Cerrado;2025-02-19 00:00:05;2025-02-19 20:49:41;Visita Data Center de ALEJANDRO AGUILAR MORALES;Visita Data Center;colocation;Colocation;Mantenimiento cliente;Servicio Colocation;Karen.Reyes;CI1002031;RF349936
SD1865628;ALEJANDRO AGUILAR MORALES;Closure;Cerrado;2025-02-18 19:41:57;2025-03-09 12:38:01;Provision VM // SOCIEDAD CONCESIONARIA NUEVO PUDAHUEL SA - 1596283;Servicios Internos;Proyectos;Colocation;Apoyo habilitacion cliente;Transición;Alejandro.Lavin;CI1002031;RF349883
SD1865476;JUAN BARRERA RAMOS;Closure;Cerrado;2025-02-18 18:51:01;2025-02-27 16:37:15;Ilustre Municipalidad de la Pintana/ Conectividad;Requerimiento;Servicio Interno;Colocation;Revision de conectividad;ProvisionConectividadTI;Ivan.Ariste;CI1002031;RF349845
SD1865211;JUAN BARRERA RAMOS;Closure;Cerrado;2025-02-18 16:50:38;2025-02-21 19:38:51;Ilustre Municipalidad de la Pintana/ Asignación de una IP publica;Requerimiento;Servicio Interno;Colocation;Revision de conectividad;Plataforma T3 / Soporte Especializado;Cristian.Araya;CI1002031;RF349801
SD1865102;JUAN BARRERA RAMOS;Closure;Cerrado;2025-02-18 15:51:45;2025-02-27 13:37:28;Ilustre Municipalidad de la Pintana/Revisar Conectividad;Requerimiento;Servicio Interno;Colocation;Revision de conectividad;ProvisionConectividadTI;Ivan.Ariste;CI1002031;RF349781
SD1864601;ALEJANDRO AGUILAR MORALES;Closure;Cerrado;2025-02-18 12:29:18;2025-02-21 16:37:15;Configuracion de conectividad servicio Call Home infraestructura respaldo Flex Veritas;Servicios Internos;Proyectos;Colocation;Apoyo habilitacion cliente;Plataforma T3 / Soporte Especializado;Cristian.Araya;CI1002031;RF349697
SD1855388;ALEJANDRO AGUILAR MORALES;Cierre;Cerrado;2025-02-18 12:00:48;2025-02-22 08:44:49;Visita Data Center de ALEJANDRO AGUILAR MORALES;Visita Data Center;colocation;Colocation;Mantenimiento cliente;Servicio Colocation;Karen.Reyes;CI1002031;RF349681
SD1863762;SAMUEL PAREDES SAEZ;Closure;Cerrado;2025-02-18 03:36:22;2025-02-21 04:37:54;Solicitud de Acceso y Trabajos Programados, DCH, Sala Claro 3, HPE,18022025;Requerimiento;TR Colocation;Colocation;Mantenimiento cliente;Servicio Colocation;Jose.Contreras;CI1002031;RF349648
SD1852817;ALEJANDRO AGUILAR MORALES;Cierre;Cerrado;2025-02-18 01:00:58;2025-02-22 08:44:24;Visita Data Center de ALEJANDRO AGUILAR MORALES;Visita Data Center;colocation;Colocation;Mantenimiento cliente;Servicio Colocation;Karen.Reyes;CI1002031;RF349623
SD1862938;JUAN BARRERA RAMOS;Closure;Cerrado;2025-02-17 19:34:11;2025-02-21 15:38:06;Creacion de Port Group/IM Pintana;Requerimiento;Servicio Interno;Colocation;Revisión Virtualización;Torre Virtualización;Pablo.Navarrete;CI1002031;RF349546
SD1862769;JUAN BARRERA RAMOS;Closure;Cerrado;2025-02-17 18:39:31;2025-02-24 20:37:38;21-02 // B3 10:00 AQ12 // Aprobación de Infraestructura IM Pintana Xorcom;Requerimiento;Colocation;Rack;Acompañamiento ingreso / egreso de equipos;Servicio Colocation;Sergio.Adasme;CI948;RF349518
SD1862838;JUAN BARRERA RAMOS;Closure;Cerrado;2025-02-17 18:38:36;2025-02-21 19:38:15;Ilustre Municipalidad de la Pintana/VLan;Requerimiento;Servicio Interno;Colocation;Revision de conectividad;ProvisionConectividadTI;Ivan.Ariste;CI1002031;RF349516
SD1862769;JUAN BARRERA RAMOS;Closure;Cerrado;2025-02-17 18:37:52;2025-02-21 20:38:25;Aprobación de Infraestructura IM Pintana Xorcom;Requerimiento;Colocation;Colocation;Ingreso y egreso de equipos;Operaciones Infraestructura;Gabriel.Salazar;CI1002031;RF349515
SD1862692;ALEJANDRO AGUILAR MORALES;Closure;Cerrado;2025-02-17 18:36:31;2025-02-20 19:38:23;Consulta disponibilidad APC // Rack B3204BB17;Requerimiento;Colocation;Colocation;Informe especial;Servicio Colocation;Karen.Reyes;CI1002031;RF349512
SD1862786;ALEJANDRO AGUILAR MORALES;Closure;Cerrado;2025-02-17 18:15:46;2025-02-20 19:38:17;Creacion VPN SSL //AYESA ADVANCED TECHNOLOGIES S.A. AGENCIA CHILE - 1595786//DR Huechuraba;Servicios Internos;Proyectos;Colocation;Apoyo habilitacion cliente;ProvisionConectividadTI;Alejandro.Carrasco;CI1002031;RF349505
SD1862773;JUAN BARRERA RAMOS;Closure;Cerrado;2025-02-17 18:05:36;2025-02-22 15:37:47;Ilustre Municipalidad de la Pintana/Creación de Servidore;Requerimiento;Servicio Interno;Colocation;Revisión Virtualización;ProvisionVirtualizacionTI;Alejandro.Lavin;CI1002031;RF349501
SD1862754;JUAN BARRERA RAMOS;Closure;Cerrado;2025-02-17 18:01:34;2025-02-22 18:37:13;20-02 // B3 10:00 AH09 // Ingreso aprobación;Requerimiento;Colocation;Rack;Acompañamiento ingreso / egreso de equipos;Servicio Colocation;Karen.Reyes;CI921;RF349498
SD1862754;JUAN BARRERA RAMOS;Closure;Cerrado;2025-02-17 17:59:31;2025-02-21 20:38:21;Ingreso aprobación;Requerimiento;Colocation;Colocation;Ingreso y egreso de equipos;Operaciones Infraestructura;Gabriel.Salazar;CI1002031;RF349493
SD1862752;ALEJANDRO AGUILAR MORALES;Closure;Cerrado;2025-02-17 17:53:15;2025-02-22 16:37:44;Documentación Conectividad CCLOUD // SOTRACER S.A. - 1596205;Servicios Internos;Proyectos;Colocation;Apoyo habilitacion cliente;ProvisionConectividadTI;Ivan.Ariste;CI1002031;RF349488
SD1862309;ALEJANDRO AGUILAR MORALES;Closure;Cerrado;2025-02-17 14:42:34;2025-03-10 14:37:38;Validación de Networking Colocation//CLAROCHILE SPA - 1592428 (Crecimiento Cluster 3) // Tanda 3;Servicios Internos;Proyectos;Colocation;Apoyo habilitacion cliente;Plataforma T3 / Soporte Especializado;Jonathan.Vargas;CI1002031;RF349415
SD1862274;ALEJANDRO AGUILAR MORALES;Closure;Cerrado;2025-02-17 14:27:12;2025-03-10 14:37:37;Validación de Networking Colocation//CLAROCHILE SPA - 1592428 (Crecimiento Cluster 3) // Tanda 2;Servicios Internos;Proyectos;Colocation;Apoyo habilitacion cliente;Plataforma T3 / Soporte Especializado;Jonathan.Vargas;CI1002031;RF349406
SD1862021;JUAN BARRERA RAMOS;Closure;Cerrado;2025-02-17 13:15:23;2025-02-21 18:37:44;Ilustre Municipalidad de la Pintana/Publicar red en MPLS;Requerimiento;Servicio Interno;Colocation;Revision de conectividad;ProvisionConectividadTI;Ivan.Ariste;CI1002031;RF349374
SD1861965;ALEJANDRO AGUILAR MORALES;Closure;Cerrado;2025-02-17 12:59:26;2025-03-10 14:37:36;Validación de Networking Colocation//CLAROCHILE SPA - 1592428 (Crecimiento Cluster 3) // Tanda 1;Servicios Internos;Proyectos;Colocation;Apoyo habilitacion cliente;Plataforma T3 / Soporte Especializado;Jonathan.Vargas;CI1002031;RF349363
SD1861862;JUAN BARRERA RAMOS;Closure;Cerrado;2025-02-17 12:59:23;2025-02-22 04:38:01;18-02 // B3 AQ12 10:00 // Proyecto 1589895 / I M LA PINTANA / Licitación 2275-50-LR24 / colocation 10UR;Requerimiento;Colocation;Rack;Acompañamiento ingreso / egreso de equipos;Servicio Colocation;Guillermo.Vega;CI948;RF349362
SD1861862;JUAN BARRERA RAMOS;Closure;Cerrado;2025-02-17 12:58:14;2025-02-21 13:37:20;18-02 // B3 10:00 // Proyecto 1589895 / I M LA PINTANA / Licitación 2275-50-LR24 / colocation 10UR;Requerimiento;Colocation;Colocation;Ingreso y egreso de equipos;Operaciones Infraestructura;Jorge.Morales;CI1002031;RF349361
SD1861884;JUAN BARRERA RAMOS;Closure;Cerrado;2025-02-17 12:41:03;2025-02-20 13:39:43;DCIM de Rack B3204AH09;Requerimiento;Colocation;Colocation;Informe especial;Servicio Colocation;Karen.Reyes;CI1002031;RF349353
SD1861872;ALEJANDRO AGUILAR MORALES;Closure;Cerrado;2025-02-17 12:38:08;2025-02-24 18:37:30;21-02 // 10:00 Storage // Colocation Ingreso de Equipos // Proyecto crecimiento CLUSTER 3 // CLAROCHILE SPA - 1592428 // Viern;Requerimiento;Colocation;Colocation;Acompañamiento ingreso / egreso de equipos;Servicio Colocation;Joaquin.Diaz;CI1002031;RF349350
SD1861872;ALEJANDRO AGUILAR MORALES;Closure;Cerrado;2025-02-17 12:35:39;2025-02-21 19:38:11;Colocation Ingreso de Equipos // Proyecto crecimiento CLUSTER 3 // CLAROCHILE SPA - 1592428 // Viern;Requerimiento;Colocation;Colocation;Ingreso y egreso de equipos;Operaciones Infraestructura;Jorge.Morales;CI1002031;RF349347
SD1861852;ALEJANDRO AGUILAR MORALES;Closure;Cerrado;2025-02-17 12:30:51;2025-02-23 18:37:31;20-02 // 10:00 Storage // Colocation Ingreso de Equipos // Proyecto crecimiento CLUSTER 3 // CLAROCHILE SPA - 1592428 // Jueve;Requerimiento;Colocation;Colocation;Acompañamiento ingreso / egreso de equipos;Servicio Colocation;Joaquin.Diaz;CI1002031;RF349345
SD1861852;ALEJANDRO AGUILAR MORALES;Closure;Cerrado;2025-02-17 12:28:59;2025-02-21 14:37:55;Colocation Ingreso de Equipos // Proyecto crecimiento CLUSTER 3 // CLAROCHILE SPA - 1592428 // Jueve;Requerimiento;Colocation;Colocation;Ingreso y egreso de equipos;Operaciones Infraestructura;Gabriel.Salazar;CI1002031;RF349344
SD1855383;ALEJANDRO AGUILAR MORALES;Cierre;Cerrado;2025-02-17 12:00:21;2025-02-18 04:03:13;Visita Data Center de ALEJANDRO AGUILAR MORALES;Visita Data Center;colocation;Colocation;Mantenimiento cliente;Servicio Colocation;Karen.Reyes;CI1002031;RF349333
SD1852813;ALEJANDRO AGUILAR MORALES;Cierre;Cerrado;2025-02-17 01:00:17;2025-02-22 08:44:14;Visita Data Center de ALEJANDRO AGUILAR MORALES;Visita Data Center;colocation;Colocation;Mantenimiento cliente;Servicio Colocation;Karen.Reyes;CI1002031;RF349275
SD1860959;ALEJANDRO AGUILAR MORALES;Closure;Cerrado;2025-02-16 23:08:42;2025-02-22 20:37:31;19-02 10:00 B4211F09 //Colocation Ingreso de Equipos // Proyecto crecimiento CLUSTER 3 // CLAROCHILE SPA - 1592428;Requerimiento;Colocation;Rack;Acompañamiento ingreso / egreso de equipos;Servicio Colocation;Uriel.Valdes;CI495;RF349262
SD1860959;ALEJANDRO AGUILAR MORALES;Closure;Cerrado;2025-02-16 23:06:31;2025-02-20 12:39:20;19-02 10:00 B4211F09 //Colocation Ingreso de Equipos // Proyecto crecimiento CLUSTER 3 // CLAROCHILE SPA - 1592428;Requerimiento;Colocation;Colocation;Ingreso y egreso de equipos;Operaciones Infraestructura;Jorge.Morales;CI1002031;RF349260
SD1853796;ALEJANDRO AGUILAR MORALES;Closure;Cerrado;2025-02-14 01:34:16;2025-02-17 16:38:52;18/02 - 10:00 | D09/F09 - Sala Storage | Colocation Ingreso de Equipos // Proyecto crecimiento CLUSTER 3 // CLAROCHILE SPA - 1592428;Requerimiento;Colocation;Colocation;Acompañamiento ingreso / egreso de equipos;Soporte N1 Operaciones;Karen.Reyes;CI1002031;RF348783
SD1853796;ALEJANDRO AGUILAR MORALES;Closure;Cerrado;2025-02-14 01:25:09;2025-02-17 16:38:48;Colocation Ingreso de Equipos // Proyecto crecimiento CLUSTER 3 // CLAROCHILE SPA - 1592428;Requerimiento;Colocation;Colocation;Ingreso de Equipos;Servicio Colocation;Karen.Reyes;CI1002031;RF348782
SD1852620;SAMUEL PAREDES SAEZ;Closure;Cerrado;2025-02-13 15:36:32;2025-02-16 16:38:15;Solicitud de Acceso y Trabajos Programados en DCH Ufinet, personal HPE, sala claro3 14052025/ py 159;Requerimiento;TR Colocation;Colocation;Mantenimiento cliente;Servicio Colocation;Karen.Reyes;CI1002031;RF348646
SD1850811;SAMUEL PAREDES SAEZ;Closure;Cerrado;2025-02-12 23:13:48;2025-02-14 03:27:36;Solicitud de acceso y trabajos programados en DCH Ufinet, personal HPE, sala claro3 13052025/ py 159;Requerimiento;TR Colocation;Colocation;Mantenimiento cliente;Servicio Colocation;Guillermo.Vega;CI1002031;RF348494
SD1849985;ALEJANDRO AGUILAR MORALES;Closure;Cerrado;2025-02-12 17:28:52;2025-02-16 22:37:38;13-02 // 10:00 Storage // Colocation Ingreso de Equipos // CLARO CHILE SPA - 1595209 (Instalacion Appliance 5360);Requerimiento;Colocation;Colocation;Acompañamiento ingreso / egreso de equipos;Servicio Colocation;Daniel.Cifuentes;CI1002031;RF348394
SD1849985;ALEJANDRO AGUILAR MORALES;Closure;Cerrado;2025-02-12 17:26:07;2025-02-16 15:37:07;Colocation Ingreso de Equipos // CLARO CHILE SPA - 1595209 (Instalacion Appliance 5360);Requerimiento;Colocation;Colocation;Ingreso y egreso de equipos;Operaciones Infraestructura;Gabriel.Salazar;CI1002031;RF348392
SD1849507;ALEJANDRO AGUILAR MORALES;Closure;Cerrado;2025-02-12 13:50:34;2025-02-17 12:37:48;Creacion VPNs SSL // Cliente SPARTA;Servicios Internos;Proyectos;Colocation;Apoyo habilitacion cliente;ProvisionConectividadTI;Alejandro.Carrasco;CI1002031;RF348327
SD1849454;SAMUEL PAREDES SAEZ;Closure;Cerrado;2025-02-12 13:37:58;2025-02-15 15:37:56;Solicitud de acceso a DCH Ufinet, personal BRAMY, sala claro3 12052025/ py 1592778;Requerimiento;TR Colocation;Colocation;Mantenimiento cliente;Servicio Colocation;Karen.Reyes;CI1002031;RF348323
SD1849432;ALEJANDRO AGUILAR MORALES;Closure;Cerrado;2025-02-12 13:19:44;2025-02-17 12:37:47;Replicar reglas de VDOM // DR HUECHURABA // SOC COMERCIAL ITAHUE LTDA - 1580318;Servicios Internos;Proyectos;Colocation;Apoyo habilitacion cliente;ProvisionConectividadTI;Alejandro.Carrasco;CI1002031;RF348321
SD1847708;ALEJANDRO AGUILAR MORALES;Closure;Cerrado;2025-02-11 19:05:42;2025-02-14 20:38:26;Asignación de puertas de administración // proyecto Cluster 3;Servicios Internos;Proyectos;Colocation;Apoyo habilitacion cliente;Plataforma T3 / Soporte Especializado;Luz.Medina;CI1002031;RF348147
SD1846635;SAMUEL PAREDES SAEZ;Closure;Cerrado;2025-02-11 13:25:57;2025-02-14 15:38:45;Configuracion portgroup, DR Huechuraba // 1591720 - INMOBILIARIA LOS 3 ANTONIOS;Requerimiento;Servicio Interno;Colocation;Apoyo habilitacion cliente;Torre Virtualización;Alvaro.Martinez;CI1002031;RF348007
SD1846368;SAMUEL PAREDES SAEZ;Closure;Cerrado;2025-02-11 11:57:48;2025-02-14 20:38:09;CARNES ÑUBLE  / SOLICITUD agregar usuarios VPN  SSL;Requerimiento;Servicio Interno;Colocation;Apoyo habilitacion cliente;ProvisionConectividadTI;Alejandro.Carrasco;CI1002031;RF347979
SD1845549;SAMUEL PAREDES SAEZ;Closure;Cerrado;2025-02-11 05:19:14;2025-02-16 03:37:44;12/02 11:00 // B4 BB61 BC61 //  DIR. DE LOG. DE CARABINEROS / SOLICITUD ENERGIZACIÓN EQUIPOS;Requerimiento;Colocation;Colocation;Acompañamiento ingreso / egreso de equipos;Soporte N1 Operaciones;Guillermo.Vega;CI1002031;RF347937
SD1845549;SAMUEL PAREDES SAEZ;Closure;Cerrado;2025-02-10 23:35:46;2025-02-15 12:37:27;DIR. DE LOG. DE CARABINEROS / SOLICITUD ENERGIZACIÓN EQUIPOS;Requerimiento;Colocation;Colocation;Energizacion de Equipos;Operaciones Infraestructura;Gabriel.Salazar;CI1002031;RF347899
SD1845498;SAMUEL PAREDES SAEZ;Closure;Cerrado;2025-02-10 23:08:31;2025-02-17 12:37:34;TPS DRass // Consulta recursos asignados // py  1582312;Requerimiento;Servicio Interno;Colocation;Apoyo habilitacion cliente;ProvisionConectividadTI;Alejandro.Carrasco;CI1002031;RF347894
SD1844748;JUAN BARRERA RAMOS;Closure;Cerrado;2025-02-10 17:30:07;2025-02-13 17:38:47;RE: Información de Rack AI17 AJ17 AK17;Requerimiento;Colocation;Colocation;Inventario de equipos;Servicio Colocation;Karen.Reyes;CI1002031;RF347807
SD1844753;JUAN BARRERA RAMOS;Closure;Cerrado;2025-02-10 17:21:01;2025-02-13 19:37:51;Ilustre Municipalidad de la Pintana/Rack AQ12 Sala B3;Requerimiento;Servicio Interno;Colocation;Revision de conectividad;Plataforma T3 / Soporte Especializado;Luz.Medina;CI1002031;RF347806
SD1844690;JUAN BARRERA RAMOS;Closure;Cerrado;2025-02-10 16:58:45;2025-02-13 17:38:43;información de rack AM17 Sala B3;Requerimiento;Colocation;Colocation;Inventario de equipos;Servicio Colocation;Diego.Constanzo;CI1002031;RF347795
SD1839563;ALEJANDRO AGUILAR MORALES;Cierre;Cerrado;2025-02-10 01:00:03;2025-02-11 07:31:12;Visita Data Center de ALEJANDRO AGUILAR MORALES;Visita Data Center;colocation;Colocation;Mantenimiento cliente;Soporte N1 Operaciones;Karen.Reyes;CI1002031;RF347639
SD1840138;ALEJANDRO AGUILAR MORALES;Closure;Cerrado;2025-02-07 20:56:15;2025-02-14 15:38:07;Apoyo revisión VM linux // SERVICIO LOCAL DE EDUCACION PUBLICA DE LOS LIBERTADORES - 1584557;Servicios Internos;Proyectos;Colocation;Apoyo habilitacion cliente;Torre Linux;Juan.Concha;CI1002031;RF347404
SD1839956;ALEJANDRO AGUILAR MORALES;Closure;Cerrado;2025-02-07 18:54:10;2025-02-14 14:38:00;Revision de NAT // SERVICIO LOCAL DE EDUCACION PUBLICA DE LOS LIBERTADORES - 1584557;Servicios Internos;Proyectos;Colocation;Apoyo habilitacion cliente;ProvisionConectividadTI;Alejandro.Carrasco;CI1002031;RF347370
SD1839927;ALEJANDRO AGUILAR MORALES;Closure;Cerrado;2025-02-07 18:43:57;2025-02-10 19:41:34;Configuracion de portgroup // DR Huechuraba // SOC COMERCIAL ITAHUE LTDA - 1580318;Servicios Internos;Proyectos;Colocation;Apoyo habilitacion cliente;Torre Virtualización;Alvaro.Martinez;CI1002031;RF347366
SD1839889;ALEJANDRO AGUILAR MORALES;Closure;Cerrado;2025-02-07 18:22:13;2025-02-10 19:41:28;Asignacion de puertas equipos 5K Sala Storage//CLARO CHILE SPA 1595209 (Instalacion Appliance 5360);Servicios Internos;Proyectos;Colocation;Apoyo habilitacion cliente;Plataforma T3 / Soporte Especializado;Luz.Medina;CI1002031;RF347357
SD1839772;SAMUEL PAREDES SAEZ;Closure;Cerrado;2025-02-07 17:09:03;2025-02-13 12:38:29;DEPORTES SPARTA LTDA // solicitud manos remotas. Cableado;Requerimiento;Cableado Estructurado;Colocation;Tendido de UTP;Servicio de Cableado;Marcelo.Martinez;CI1002031;RF347324
SD1839651;SAMUEL PAREDES SAEZ;Closure;Cerrado;2025-02-07 15:37:00;2025-02-14 14:37:56;DEPORTES SPARTA LTDA // Revisión circuito Nexus - VDOM;Requerimiento;Servicio Interno;Colocation;Apoyo habilitacion cliente;ProvisionConectividadTI;Alejandro.Carrasco;CI1002031;RF347297
SD1839502;ALEJANDRO AGUILAR MORALES;Closure;Cerrado;2025-02-07 14:26:38;2025-02-10 15:38:31;Validación Colocation // CLARO CHILE SPA - 1595209 (Instalacion Appliance 5360);Servicios Internos;Proyectos;Colocation;Apoyo habilitacion cliente;Plataforma T3 / Soporte Especializado;Luz.Medina;CI1002031;RF347278
SD1839489;ALEJANDRO AGUILAR MORALES;Closure;Cerrado;2025-02-07 14:14:41;2025-02-10 19:40:02;Solicitud direccionamiento IP // Proyecto Implementación Appliance 5360;Servicios Internos;Proyectos;Colocation;Apoyo habilitacion cliente;Plataforma T3 / Soporte Especializado;Luz.Medina;CI1002031;RF347275
SD1839269;ALEJANDRO AGUILAR MORALES;Closure;Cerrado;2025-02-07 12:50:55;2025-02-10 14:38:16;Asignacion de puertas OOB en Sala Storage // Proyecto crecimiento Veritas 5360;Servicios Internos;Proyectos;Colocation;Apoyo habilitacion cliente;Plataforma T3 / Soporte Especializado;Luz.Medina;CI1002031;RF347251
SD1834490;ALEJANDRO AGUILAR MORALES;Cierre;Cerrado;2025-02-07 12:00:44;2025-02-08 10:56:20;Visita Data Center de ALEJANDRO AGUILAR MORALES;Visita Data Center;colocation;Colocation;Mantenimiento cliente;Servicio Colocation;Ruben.Alarcon;CI1002031;RF347229
SD1838492;SAMUEL PAREDES SAEZ;Closure;Cerrado;2025-02-07 02:17:25;2025-02-10 08:52:13;Solicitud de acceso a DCH Ufinet, Sala claro 3, personal HPE. 07022025 py 1592778;Requerimiento;TR Colocation;Colocation;Mantenimiento cliente;Servicio Colocation;Robinson.Gutierrez;CI1002031;RF347173
SD1838396;ALEJANDRO AGUILAR MORALES;Closure;Cerrado;2025-02-07 01:07:09;2025-02-10 14:38:01;Colocation Ingreso de Equipos // CLARO CHILE SPA - 1595209 (Instalacion Appliance 5360);Requerimiento;Cableado Estructurado;Colocation;Supervisión de Instalación de Cableado;Servicio de Cableado;Enrique.Parra;CI1002031;RF347164
SD1838396;ALEJANDRO AGUILAR MORALES;Closure;Cerrado;2025-02-07 01:04:29;2025-02-14 02:37:56;10/02 11:00 //  B4211C09 // Storage Colocation Ingreso de Equipos // CLARO CHILE SPA - 1595209 (Instalacion Appliance 5360);Requerimiento;Colocation;Colocation;Acompañamiento ingreso / egreso de equipos;Servicio Colocation;Guillermo.Vega;CI1002031;RF347163
SD1838396;ALEJANDRO AGUILAR MORALES;Closure;Cerrado;2025-02-07 01:02:31;2025-02-10 13:38:06;Colocation Ingreso de Equipos // CLARO CHILE SPA - 1595209 (Instalacion Appliance 5360);Requerimiento;Colocation;Colocation;Ingreso y egreso de equipos;Operaciones Infraestructura;Gabriel.Salazar;CI1002031;RF347162
SD1834481;ALEJANDRO AGUILAR MORALES;Cierre;Cerrado;2025-02-07 01:00:57;2025-02-08 05:41:06;Visita Data Center de ALEJANDRO AGUILAR MORALES;Visita Data Center;colocation;Colocation;Mantenimiento cliente;Servicio Colocation;Ruben.Alarcon;CI1002031;RF347159
SD1837861;ALEJANDRO AGUILAR MORALES;Closure;Cerrado;2025-02-06 19:50:33;2025-02-09 20:38:13;Pasar VLAN Switches HP // DRaaS SOC COMERCIAL ITAHUE LTDA - 1580318;Servicios Internos;Proyectos;Colocation;Apoyo habilitacion cliente;Plataforma T3 / Soporte Especializado;Victor.Covarrubias;CI1002031;RF347101
SD1837256;JUAN BARRERA RAMOS;Closure;Cerrado;2025-02-06 15:22:20;2025-02-09 15:39:19;Ayuda con DCIM AQ12 y AQ17;Requerimiento;Colocation;Colocation;Informe especial;Servicio Colocation;Sergio.Adasme;CI1002031;RF347028
SD1837258;ALEJANDRO AGUILAR MORALES;Closure;Cerrado;2025-02-06 15:19:50;2025-02-10 13:37:47;Solicitud direccionamiento IP // Proyecto Implementación Appliance 5360;Servicios Internos;Proyectos;Colocation;Apoyo habilitacion cliente;Plataforma T3 / Soporte Especializado;Luz.Medina;CI1002031;RF347026
SD1834486;ALEJANDRO AGUILAR MORALES;Cierre;Cerrado;2025-02-06 12:00:57;2025-02-07 02:40:58;Visita Data Center de ALEJANDRO AGUILAR MORALES;Visita Data Center;colocation;Colocation;Mantenimiento cliente;Servicio Colocation;Ruben.Alarcon;CI1002031;RF346926
SD1834470;ALEJANDRO AGUILAR MORALES;Cierre;Cerrado;2025-02-06 01:00:56;2025-02-07 05:20:20;Visita Data Center de ALEJANDRO AGUILAR MORALES;Visita Data Center;colocation;Colocation;Mantenimiento cliente;Servicio Colocation;Ruben.Alarcon;CI1002031;RF346853
SD1835854;SAMUEL PAREDES SAEZ;Closure;Cerrado;2025-02-05 22:52:55;2025-02-09 10:37:57;Solicitud de acceso a DCH Ufinet, Sala claro 3, personal Claro, Globaldata, HPE. 06022025 py 1592778;Requerimiento;TR Colocation;Colocation;Ingreso y egreso de equipos;Servicio Colocation;Robinson.Gutierrez;CI1002031;RF346832
SD1834837;ALEJANDRO AGUILAR MORALES;Closure;Cerrado;2025-02-05 15:36:13;2025-02-08 16:38:09;Configuracion de verticlar MPLS // Cliente SURALIS;Servicios Internos;Proyectos;Colocation;Apoyo habilitacion cliente;ProvisionConectividadTI;Alejandro.Carrasco;CI1002031;RF346699
SD1834710;SAMUEL PAREDES SAEZ;Closure;Cerrado;2025-02-05 14:38:50;2025-02-08 16:37:54;1582104 SURALIS SA // SOLICITUD PERMITIR RED MPLS;Requerimiento;Servicio Interno;Colocation;Apoyo habilitacion cliente;ProvisionConectividadTI;Alejandro.Carrasco;CI1002031;RF346670
SD1834408;SAMUEL PAREDES SAEZ;Closure;Cerrado;2025-02-05 12:58:01;2025-02-08 16:37:45;CARNES ÑUBLE  /  Solicitud evidencia VDOM;Requerimiento;Servicio Interno;Colocation;Apoyo habilitacion cliente;ProvisionConectividadTI;Alejandro.Carrasco;CI1002031;RF346624
SD1829499;ALEJANDRO AGUILAR MORALES;Cierre;Cerrado;2025-02-05 01:00:32;2025-02-06 04:47:18;Visita Data Center de ALEJANDRO AGUILAR MORALES;Visita Data Center;colocation;Colocation;Mantenimiento cliente;Servicio Colocation;Uriel.Valdes;CI1002031;RF346534
SD1833064;SAMUEL PAREDES SAEZ;Closure;Cerrado;2025-02-04 21:13:33;2025-02-07 21:38:23;Solicitud de acceso a DCH Ufinet, personal CLARO, sala claro3 rack 10 02052025 py 1592778;Requerimiento;TR Colocation;Colocation;Mantenimiento cliente;Servicio Colocation;Uriel.Valdes;CI1002031;RF346491
SD1832943;JUAN BARRERA RAMOS;Closure;Cerrado;2025-02-04 20:27:13;2025-02-08 18:38:19;Subsecretaria de Vivienda y Urbanismo // Monitoreo;Requerimiento;Servicio Interno;Colocation;Revisión Virtualización;Torre Plataformas Internas;Ruben.Gonzalez;CI1002031;RF346478
SD1832935;JUAN BARRERA RAMOS;Closure;Cerrado;2025-02-04 20:24:40;2025-02-08 14:38:26;Subsecretaria de Vivienda y Urbanismo // Agregar Interfaz de Monitoreo;Requerimiento;Servicio Interno;Colocation;Revisión Virtualización;Torre Virtualización;Alvaro.Martinez;CI1002031;RF346475
SD1832870;JUAN BARRERA RAMOS;Closure;Cerrado;2025-02-04 19:57:45;2025-02-08 14:38:22;Subsecretaria de Vivienda y Urbanismo // Migracion de VMs;Requerimiento;Servicio Interno;Colocation;Revisión Virtualización;Torre Virtualización;Alvaro.Martinez;CI1002031;RF346468
SD1832803;ALEJANDRO AGUILAR MORALES;Closure;Cerrado;2025-02-04 19:27:08;2025-02-10 14:37:20;Configuracion de portgroup // SOC DE RENTAS INMOBILIARIAS LIMITADA - 1594831;Servicios Internos;Proyectos;Colocation;Apoyo habilitacion cliente;Torre Virtualización;Alvaro.Martinez;CI1002031;RF346455
SD1826591;SAMUEL PAREDES SAEZ;Closure;Cerrado;2025-02-04 12:35:14;2026-01-01 20:15:46;CLARO CHILE SPA DRass py 1592778 // Solicitud capacidad, asignación de 1 Rack/;Requerimiento;Servicio Interno;Colocation;Torre Capacidad;Capacidad;Nicolas.Salazar;CI1002031;RF346322
SD1826591;SAMUEL PAREDES SAEZ;Closure;Cerrado;2025-02-04 12:32:25;2026-01-01 20:15:42;CLARO CHILE SPA DRass py 1592778 // Solicitud capacidad, asignación de 1 Rack/;Requerimiento;Servicio Interno;Colocation;Torre Capacidad;Capacidad;Nicolas.Salazar;CI1002031;RF346319
SD1829781;JUAN BARRERA RAMOS;Closure;Cerrado;2025-02-03 23:15:55;2025-02-07 03:37:52;Subsecretaria de Vivienda y Urbanismo // Respaldo de Servidor;Requerimiento;Servicio Interno;Colocation;Revisión Virtualización;Torre Respaldos;Pablo.Zbinden;CI1002031;RF346244
SD1829032;ALEJANDRO AGUILAR MORALES;Closure;Cerrado;2025-02-03 19:15:19;2025-02-06 21:38:01;Documentacion e Implementacion Sdwan // Cliente SPARTA;Servicios Internos;Proyectos;Colocation;Apoyo habilitacion cliente;ProvisionConectividadTI;Alejandro.Carrasco;CI1002031;RF346175
SD1816454;ALEJANDRO AGUILAR MORALES;Cierre;Cerrado;2025-01-31 01:00:19;2025-01-31 16:45:24;Visita Data Center de ALEJANDRO AGUILAR MORALES;Visita Data Center;colocation;Colocation;Mantenimiento cliente;Servicio Colocation;Sergio.Adasme;CI1002031;RF345426
SD1816609;ALEJANDRO AGUILAR MORALES;Closure;Cerrado;2025-01-30 02:26:30;2025-02-02 19:38:35;Energización equipos ya rackeados // Switches OOB C9200 Sala de Storage;Requerimiento;Colocation;Colocation;Ingreso y egreso de equipos;Operaciones Infraestructura;Gabriel.Salazar;CI1002031;RF345166
SD1816609;ALEJANDRO AGUILAR MORALES;Closure;Cerrado;2025-01-30 02:22:39;2025-02-03 01:37:08;30-01 16:00  Energización equipos ya rackeados // Switches OOB C9200 Sala de Storage;Requerimiento;Colocation;Colocation;Acompañamiento ingreso / egreso de equipos;Soporte N1 Operaciones;Sergio.Adasme;CI1002031;RF345165
SD1816824;SAMUEL PAREDES SAEZ;Closure;Cerrado;2025-01-29 21:57:11;2025-02-02 01:37:53;Solicitud ingreso equipos en colocation DCH Ufinet, sala claro3 rack 10  31012025;Requerimiento;TR Colocation;Colocation;Mantenimiento cliente;Servicio Colocation;Sergio.Adasme;CI1002031;RF345138
SD1816329;ALEJANDRO AGUILAR MORALES;Closure;Cerrado;2025-01-29 18:30:16;2025-02-02 12:37:31;Configuración de NAT // Firewall MINSAL;Requerimiento;Hosting dedicado MINSAL;Colocation;Revisión y configuración Firewall;Ingeniero de Soporte;Daniela.Montecinos;CI1002031;RF345073
SD1816230;ALEJANDRO AGUILAR MORALES;Closure;Cerrado;2025-01-29 17:50:24;2025-02-02 18:38:27;Configuracion de portgroup // CORPORACION DE DEPORTES DE LA MUNICIPALIDAD DE INDEPENDENCIA - 1593500;Requerimiento;Servicio Interno;Colocation;Apoyo habilitacion cliente;Torre Virtualización;Pablo.Navarrete;CI1002031;RF345062
SD1815652;SAMUEL PAREDES SAEZ;Closure;Cerrado;2025-01-29 14:12:56;2025-02-02 18:38:21;Solicitud creación  DRaaS cliente ECRGROUP py 1595920;Servicios Internos;Proyectos;NULL;Apoyo habilitacion cliente;Torre Virtualización;Felipe.Chavez;NULL;RF344991
SD1815410;SAMUEL PAREDES SAEZ;Closure;Cerrado;2025-01-29 12:42:30;2025-02-01 13:38:48;1592826 SERVICIOS INTEGRALES NPL //Solicitud evidencia NAT CEVSA;Requerimiento;Servicio Interno;Colocation;Apoyo habilitacion cliente;ProvisionConectividadTI;Alejandro.Carrasco;CI1002031;RF344950
SD1812985;ALEJANDRO AGUILAR MORALES;Closure;Cerrado;2025-01-28 21:43:22;2025-02-02 16:38:12;Documentación Conectividad CCLOUD // SOC DE RENTAS INMOBILIARIAS LIMITADA - 1594831;Requerimiento;Servicio Interno;Colocation;Apoyo habilitacion cliente;ProvisionConectividadTI;Ivan.Ariste;CI1002031;RF344828
SD1811897;ALEJANDRO AGUILAR MORALES;Closure;Cerrado;2025-01-28 18:05:10;2025-01-29 12:09:20;Configuración de NAT // Firewall MINSAL;Requerimiento;Servicio Interno;Colocation;Apoyo habilitacion cliente;Calldispatch Telco;Sebastian.Barrientos;CI1002031;RF344773
SD1811035;SAMUEL PAREDES SAEZ;Closure;Cerrado;2025-01-28 12:51:22;2025-02-04 16:37:42;31-01 // Huawei 1588524 // Solicitud aprobación Comisionamiento de ductos de barra filas 05 - 06 , sala B5;Requerimiento;Colocation;Colocation;Acompañamiento ingreso/egreso de equipo;Servicio Colocation;Ruben.Alarcon;CI1002031;RF344667
SD1811035;SAMUEL PAREDES SAEZ;Closure;Cerrado;2025-01-28 12:49:59;2025-02-02 19:38:03;30-01 // Huawei 1588524 // Solicitud aprobación Comisionamiento de ductos de barra filas 05 - 06 , sala B5;Requerimiento;Colocation;Colocation;Acompañamiento ingreso/egreso de equipo;Servicio Colocation;Sergio.Adasme;CI1002031;RF344665
SD1811035;SAMUEL PAREDES SAEZ;Closure;Cerrado;2025-01-28 12:48:19;2025-02-02 11:37:25;29/01 // Huawei 1588524 // Solicitud aprobación Comisionamiento de ductos de barra filas 05 - 06 , sala B5;Requerimiento;Colocation;Colocation;Acompañamiento ingreso/egreso de equipo;Servicio Colocation;Uriel.Valdes;CI1002031;RF344664
SD1811035;SAMUEL PAREDES SAEZ;Closure;Cerrado;2025-01-28 12:46:46;2025-01-31 19:38:23;28-01 // Huawei 1588524 // Solicitud aprobación Comisionamiento de ductos de barra filas 05 - 06 , sala B5;Requerimiento;Colocation;Colocation;Acompañamiento ingreso/egreso de equipo;Servicio Colocation;Eduardo.Godoy;CI1002031;RF344662
SD1809378;SAMUEL PAREDES SAEZ;Closure;Cerrado;2025-01-27 19:00:51;2025-02-02 14:37:55;DEPORTES SPARTA LTDA // Cambio IP Consola;Requerimiento;Servicio Interno;Colocation;Apoyo habilitacion cliente;ProvisionVirtualizacionTI;Alejandro.Lavin;CI1002031;RF344511
SD1808791;SAMUEL PAREDES SAEZ;Closure;Cerrado;2025-01-27 14:44:07;2025-01-30 16:37:53;DEPORTES SPARTA LTDA // CAMBIO DE SEGMENTO INTERNAL LAN.;Requerimiento;Servicio Interno;Colocation;Apoyo habilitacion cliente;ProvisionConectividadTI;Ivan.Ariste;CI1002031;RF344427
SD1808480;SAMUEL PAREDES SAEZ;Closure;Cerrado;2025-01-27 12:42:25;2025-01-30 16:37:37;CARNES ÑUBLE  / SOLICITUD 6 VPN¨s  SSL;Requerimiento;Servicio Interno;Colocation;Apoyo habilitacion cliente;ProvisionConectividadTI;Ivan.Ariste;CI1002031;RF344381
SD1804435;ALEJANDRO AGUILAR MORALES;Cierre;Cerrado;2025-01-27 09:14:50;2025-01-29 05:50:15;Visita Data Center de ALEJANDRO AGUILAR MORALES;Visita Data Center;colocation;NULL;Mantenimiento cliente;Servicio Colocation;Guillermo.Vega;NULL;RF344336
SD1804244;SAMUEL PAREDES SAEZ;Closure;Cerrado;2025-01-24 20:22:48;2025-01-27 21:37:39;DEPORTES SPARTA Solicitud manos remotas, Conexión de consola;Requerimiento;Colocation;Colocation;Conexion de consola;Servicio Colocation;Uriel.Valdes;CI1002031;RF343987
SD1803804;SAMUEL PAREDES SAEZ;Closure;Cerrado;2025-01-24 16:28:56;2025-01-30 17:38:12;SERVICIOS TECNOLOGICOS ANDES SALUD SPA 1587395 / habilitación puertos;Requerimiento;Servicio Interno;Colocation;Apoyo habilitacion cliente;ProvisionConectividadTI;Alejandro.Carrasco;CI1002031;RF343933
SD1803755;SAMUEL PAREDES SAEZ;Closure;Cerrado;2025-01-24 16:01:28;2025-01-27 18:37:57;BADAMAX RETAIL S.A. ID 1581713 //Solicitud IP Internet;Requerimiento;Servicio Interno;Colocation;Apoyo habilitacion cliente;Plataforma T3 / Soporte Especializado;Luz.Medina;CI1002031;RF343927
SD1803208;SAMUEL PAREDES SAEZ;Closure;Cerrado;2025-01-24 12:13:24;2025-01-27 13:39:59;DEPORTES SPARTA LTDA // Provisión Interfaz nexus 2K;Requerimiento;Servicio Interno;Colocation;Apoyo habilitacion cliente;ProvisionConectividadTI;Ivan.Ariste;CI1002031;RF343856
SD1802503;SAMUEL PAREDES SAEZ;Cierre;Cerrado;2025-01-24 01:30:47;2025-01-24 17:25:41;Visita Data Center de SAMUEL PAREDES SAEZ;Visita Data Center;colocation;Colocation;Mantenimiento cliente;Servicio Colocation;Daniel.Cifuentes;CI1002031;RF343785
SD1802442;SAMUEL PAREDES SAEZ;Cierre;Cerrado;2025-01-24 01:00:51;2025-01-27 05:23:01;Visita Data Center de SAMUEL PAREDES SAEZ;Visita Data Center;colocation;Colocation;Ingreso de equipos;Soporte N1 Operaciones;Uriel.Valdes;CI1002031;RF343781
SD1802411;ALEJANDRO AGUILAR MORALES;Closure;Cerrado;2025-01-24 00:20:58;2025-01-27 12:38:35;Colocation Ingreso de Equipos // Proyecto Cluster 3 Extensión red OOB;Requerimiento;Cableado Estructurado;Colocation;Supervisión de Instalación de Cableado;Servicio de Cableado;Enrique.Parra;CI1002031;RF343775
SD1802411;ALEJANDRO AGUILAR MORALES;Closure;Cerrado;2025-01-24 00:19:36;2025-01-31 22:37:00;28/01 15:00 Storage // D04-C04 // Colocation Ingreso de Equipos // Proyecto Cluster 3 Extensión red OOB;Requerimiento;Colocation;Colocation;Acompañamiento ingreso / egreso de equipos;Servicio Colocation;Ruben.Alarcon;CI1002031;RF343774
SD1802411;ALEJANDRO AGUILAR MORALES;Closure;Cerrado;2025-01-24 00:16:26;2025-01-27 19:37:59;Colocation Ingreso de Equipos // Proyecto Cluster 3 Extensión red OOB;Requerimiento;Colocation;Colocation;Ingreso y egreso de equipos;Operaciones Infraestructura;Jorge.Morales;CI1002031;RF343772
SD1801162;ALEJANDRO AGUILAR MORALES;Closure;Cerrado;2025-01-23 16:06:42;2025-02-01 02:37:24;28-01 // B3 20:00 2K // Colocation Ingreso de Equipos // CLAROCHILE SPA - 1595924 (ACI CISCO II);Requerimiento;Colocation;Colocation;Acompañamiento ingreso / egreso de equipos;Servicio Colocation;Sergio.Adasme;CI1002031;RF343631
SD1801162;ALEJANDRO AGUILAR MORALES;Closure;Cerrado;2025-01-23 16:05:19;2025-01-27 17:37:07;Colocation Ingreso de Equipos // CLAROCHILE SPA - 1595924 (ACI CISCO II);Requerimiento;Colocation;Colocation;Ingreso y egreso de equipos;Operaciones Infraestructura;Gabriel.Salazar;CI1002031;RF343630
SD1800813;ALEJANDRO AGUILAR MORALES;Closure;Cerrado;2025-01-23 13:30:46;2025-01-26 14:38:16;Upgrade de disco VM TRIOVAL // LABORATORIOS SAVAL - 1595553;Requerimiento;Conectividad;Colocation;CONSULTA TECNICA;Calldispatch Telco;Nicolas.Villalobos;CI1002031;RF343561
SD1791962;ALEJANDRO AGUILAR MORALES;Cierre;Cerrado;2025-01-23 01:00:11;2025-01-23 19:08:18;Visita Data Center de ALEJANDRO AGUILAR MORALES;Visita Data Center;colocation;Colocation;Mantenimiento cliente;Servicio Colocation;Karen.Reyes;CI1002031;RF343452
SD1798846;SAMUEL PAREDES SAEZ;Closure;Cerrado;2025-01-22 20:42:11;2025-01-26 12:38:54;DEPORTES SPARTA LTDA // Solicitud Aprobación Ingreso Equipo;Requerimiento;Cableado Estructurado;Colocation;Supervisión de Instalación de Cableado;Servicio de Cableado;Enrique.Parra;CI1002031;RF343402
SD1798846;SAMUEL PAREDES SAEZ;Closure;Cerrado;2025-01-22 20:40:44;2025-01-27 18:37:18;24/01 10:00 - BA61 B4 // DEPORTES SPARTA LTDA // Solicitud Aprobación Ingreso Equipo;Requerimiento;Colocation;Colocation;Acompañamiento ingreso / egreso de equipos;Servicio Colocation;Sergio.Adasme;CI1002031;RF343401
SD1798846;SAMUEL PAREDES SAEZ;Closure;Cerrado;2025-01-22 19:58:53;2025-01-26 13:37:56;DEPORTES SPARTA LTDA // Solicitud Aprobación Ingreso Equipo;Requerimiento;Colocation;Colocation;Ingreso y egreso de equipos;Operaciones Infraestructura;Gabriel.Salazar;CI1002031;RF343386
SD1798828;SAMUEL PAREDES SAEZ;Closure;Cerrado;2025-01-22 19:48:10;2025-01-30 16:37:08;1582930 CARNES ÑUBLE // Solicitud disponibilidad soporte;Requerimiento;Servicio Interno;Colocation;Apoyo habilitacion cliente;ProvisionConectividadTI;Ivan.Ariste;CI1002031;RF343379
SD1798744;ALEJANDRO AGUILAR MORALES;Closure;Cerrado;2025-01-22 19:21:31;2025-01-26 20:38:04;Documentacion de Conectividad CCLOUD//CORPORACION DE DEPORTES DE LA MUNICIPALIDAD DE INDEPENDENCIA -;Requerimiento;Servicio Interno;Colocation;Apoyo habilitacion cliente;ProvisionConectividadTI;Alejandro.Carrasco;CI1002031;RF343365
SD1798588;ALEJANDRO AGUILAR MORALES;Closure;Cerrado;2025-01-22 18:27:40;2025-01-25 20:38:35;Configuracion de portgroup // INMOBILIARIA FUENTES DE PORVENIR SPA - 1593808;Requerimiento;Servicio Interno;Colocation;Apoyo habilitacion cliente;Torre Virtualización;Pablo.Navarrete;CI1002031;RF343344
SD1794302;ALEJANDRO AGUILAR MORALES;Cierre;Cerrado;2025-01-22 01:00:07;2025-01-23 07:17:57;Visita Data Center de ALEJANDRO AGUILAR MORALES;Visita Data Center;colocation;Colocation;ingreso y egreso de componentes;Servicio Colocation;Eduardo.Godoy;CI1002031;RF343099
SD1795927;ALEJANDRO AGUILAR MORALES;Closure;Cerrado;2025-01-21 21:35:38;2025-01-25 19:38:19;Upgrade de disco VM TRIOVAL // LABORATORIOS SAVAL - 1595553;Requerimiento;Hosting Virtual;Colocation;Aumento de recursos;Ingeniero de Soporte;Raul.Zamora;CI1002031;RF343072
SD1795881;ALEJANDRO AGUILAR MORALES;Closure;Cerrado;2025-01-21 20:53:32;2025-01-27 18:37:09;Problema de comunicacion Servidores físicos MINSAL;Requerimiento;Hosting dedicado MINSAL;Colocation;Revisión y configuración Firewall;Ingeniero de Soporte;Romeo.Palacios;CI1002031;RF343064
SD1794323;ALEJANDRO AGUILAR MORALES;Closure;Cerrado;2025-01-21 10:50:10;2025-01-25 17:37:59;22-01 10:00hrs. B4211E09 // Visita Data Center de ALEJANDRO AGUILAR MORALES;Requerimiento;Colocation;Rack;Acompañamiento ingreso / egreso de equipos;Servicio Colocation;Sergio.Adasme;CI493;RF342794
SD1794323;ALEJANDRO AGUILAR MORALES;Closure;Cerrado;2025-01-21 10:47:37;2025-01-24 12:37:48;Visita Data Center de ALEJANDRO AGUILAR MORALES // 22-01-2025 10:00hrs.;Requerimiento;Colocation;Colocation;Ingreso disco duro;Operaciones Infraestructura;Gabriel.Salazar;CI1002031;RF342793
SD1792360;ALEJANDRO AGUILAR MORALES;Closure;Cerrado;2025-01-20 20:02:58;2025-01-25 19:37:58;Colocation - Instalacion de bandeja de discos - Crecimiento Cluster 3 (CLAROCHILE SPA - 1592428);Requerimiento;Colocation;Colocation;Ingreso disco duro;Operaciones Infraestructura;Jorge.Morales;CI1002031;RF342678
SD1792360;ALEJANDRO AGUILAR MORALES;Closure;Cerrado;2025-01-20 20:00:00;2025-01-25 14:37:40;22-01 | STORAGE | 10:00 | Colocation - Instalacion de bandeja de discos - Crecimiento Cluster 3 (CLAROCHILE SPA - 1592428);Requerimiento;Colocation;Rack;Acompañamiento ingreso / egreso de equipos;Soporte N1 Operaciones;Karen.Reyes;CI493;RF342675
SD1791582;ALEJANDRO AGUILAR MORALES;Closure;Cerrado;2025-01-20 14:14:34;2025-01-26 20:37:52;Documentación Conectividad CCLOUD // INMOBILIARIA FUENTES DE PORVENIR SPA - 1593808;Requerimiento;Servicio Interno;Colocation;Apoyo habilitacion cliente;ProvisionConectividadTI;Alejandro.Carrasco;CI1002031;RF342547
SD1782347;ALEJANDRO AGUILAR MORALES;Closure;Cerrado;2025-01-17 19:27:27;2025-01-23 14:38:01;Solicitud direccionamiento IP // proyecto ID 1590172 Veritas Appliance 5360;Requerimiento;Servicio Interno;Colocation;Apoyo habilitacion cliente;Plataforma T3 / Soporte Especializado;Luz.Medina;CI1002031;RF342009
SD1777556;ALEJANDRO AGUILAR MORALES;Cierre;Cerrado;2025-01-17 01:00:40;2025-01-17 16:24:04;Visita Data Center de ALEJANDRO AGUILAR MORALES;Visita Data Center;colocation;Colocation;Mantenimiento cliente;Servicio Colocation;Sergio.Adasme;CI1002031;RF341752
SD1777526;ALEJANDRO AGUILAR MORALES;Closure;Cerrado;2025-01-16 18:56:52;2025-01-20 16:37:18;17-10 // 10:00 NODO // Apoyo Infraestructura // Encendido equipos // 1585991 - SWAP RAN;Requerimiento;Colocation;Rack;Acompañamiento ingreso / egreso de equipos;Servicio Colocation;Eduardo.Godoy;CI2244608;RF341676
SD1777526;ALEJANDRO AGUILAR MORALES;Closure;Cerrado;2025-01-16 18:55:47;2025-01-20 12:38:05;Apoyo Infraestructura // Encendido equipos // 1585991 - SWAP RAN;Requerimiento;Colocation;Colocation;Energizacion de Equipos;Operaciones Infraestructura;Gabriel.Salazar;CI1002031;RF341674
SD1776453;ALEJANDRO AGUILAR MORALES;Closure;Cerrado;2025-01-16 10:34:00;2025-01-19 11:37:47;Asignación direccionamiento IP // Crecimiento Cluster 3;Requerimiento;Servicio Interno;Colocation;Apoyo habilitacion cliente;Plataforma T3 / Soporte Especializado;Luz.Medina;CI1002031;RF341496
SD1774623;ALEJANDRO AGUILAR MORALES;Closure;Cerrado;2025-01-15 18:03:18;2025-01-20 13:37:09;Subir OVF a VDC // SALUD Y VIDA S.A. - 1586684;Requerimiento;Servicio Interno;Colocation;Apoyo habilitacion cliente;ProvisionVirtualizacionTI;Alejandro.Lavin;CI1002031;RF341342
SD1773992;ALEJANDRO AGUILAR MORALES;Closure;Cerrado;2025-01-15 13:41:52;2025-01-19 13:38:48;Modificacion configuracion VPN SSL // Cliente ILOP;Requerimiento;Servicio Interno;Colocation;Apoyo habilitacion cliente;ProvisionConectividadTI;Ivan.Ariste;CI1002031;RF341215
SD1773878;ALEJANDRO AGUILAR MORALES;Closure;Cerrado;2025-01-15 13:11:16;2025-01-18 15:39:41;Configuración políticas de seguridad // VM UCC EDGE;Requerimiento;Servicio Interno;Colocation;Apoyo habilitacion cliente;Plataforma T3 / Soporte Especializado;Luz.Medina;CI1002031;RF341203
SD1771733;ALEJANDRO AGUILAR MORALES;Closure;Cerrado;2025-01-14 18:22:17;2025-01-17 19:39:54;Aumentar objetos en VDOM // 17522267 - SERVICIO DE CONTROL DE CREDITOS S A;Requerimiento;Servicio Interno;Colocation;Apoyo habilitacion cliente;ProvisionConectividadTI;Ivan.Ariste;CI1002031;RF340987
SD1769171;ALEJANDRO AGUILAR MORALES;Closure;Cerrado;2025-01-13 19:00:18;2025-01-20 15:37:40;Configuracion VPN S2S // LABORATORIO BAGO DE CHILE S.A. - 1589691;Requerimiento;Servicio Interno;Colocation;Apoyo habilitacion cliente;ProvisionConectividadTI;Alejandro.Carrasco;CI1002031;RF340590
SD1768508;ALEJANDRO AGUILAR MORALES;Closure;Cerrado;2025-01-13 14:32:09;2025-01-18 18:38:02;15-01 // 10:00 NODO // Apoyo Infraestructura // Encendido equipos // 1585991 - SWAP RAN;Requerimiento;Colocation;Colocation;Desenergizacion de equipos;Servicio Colocation;Karen.Reyes;CI1002031;RF340500
SD1768508;ALEJANDRO AGUILAR MORALES;Closure;Cerrado;2025-01-13 14:31:14;2025-01-16 20:38:15;Apoyo Infraestructura // Encendido equipos // 1585991 - SWAP RAN;Requerimiento;Colocation;Colocation;Energizacion de Equipos;Operaciones Infraestructura;Jorge.Morales;CI1002031;RF340499
SD1759064;ALEJANDRO AGUILAR MORALES;Closure;Cerrado;2025-01-08 20:31:01;2025-01-16 14:37:39;13-01 | 10:00 |SALA NODO |  Apoyo Infraestructura // Encendido equipos // 1585991 - SWAP RAN;Requerimiento;Colocation;Colocation;Acompañamiento ingreso / egreso de equipos;Soporte N1 Operaciones;Karen.Reyes;CI1002031;RF339485
SD1759064;ALEJANDRO AGUILAR MORALES;Closure;Cerrado;2025-01-08 20:30:05;2025-01-12 17:37:37;Apoyo Infraestructura // Encendido equipos // 1585991 - SWAP RAN;Requerimiento;Colocation;Colocation;Energizacion de Equipos;Operaciones Infraestructura;Jorge.Morales;CI1002031;RF339483
SD1758848;ALEJANDRO AGUILAR MORALES;Closure;Cerrado;2025-01-08 18:30:10;2025-01-12 18:37:27;Validación Colocation // CLAROCHILE SPA - 1588477 (ACI CISCO);Requerimiento;Servicio Interno;Colocation;Apoyo habilitacion cliente;Plataforma T3 / Soporte Especializado;Jonathan.Vargas;CI1002031;RF339429
SD1756579;ALEJANDRO AGUILAR MORALES;Closure;Cerrado;2025-01-07 20:24:20;2025-01-13 16:37:58;Documentacion Conectividad // AYESA ADVANCED TECHNOLOGIES S.A. AGENCIA CHILE - 1595786;Requerimiento;Servicio Interno;Colocation;Apoyo habilitacion cliente;ProvisionConectividadTI;Alejandro.Carrasco;CI1002031;RF339121
SD1756135;JUAN BARRERA RAMOS;Closure;Cerrado;2025-01-07 17:17:37;2025-01-10 18:38:55;Minsal HCC// Nueva VPN;Requerimiento;Servicio Interno;Colocation;Revision de conectividad;ProvisionConectividadTI;Alejandro.Carrasco;CI1002031;RF339027
SD1754034;ALEJANDRO AGUILAR MORALES;Closure;Cerrado;2025-01-06 20:30:35;2025-01-10 20:38:19;ILOP S.A. py 1595286 // Agregar 20 usuarios VPN SSL.;Requerimiento;Servicio Interno;Colocation;Apoyo habilitacion cliente;ProvisionConectividadTI;Ivan.Ariste;CI1002031;RF338771
SD1748496;ALEJANDRO AGUILAR MORALES;Closure;Cerrado;2025-01-03 22:02:41;2025-01-09 13:37:30;09/01 AK05 SALA NODO C 14:00 Colocation Ingreso de Equipo // Proyecto CLAROCHILE SPA - 1588477 (ACI CISCO);Requerimiento;Colocation;Colocation;Ingreso y egreso de equipos;Operaciones Infraestructura;Jorge.Morales;CI1002031;RF338202
SD1748496;ALEJANDRO AGUILAR MORALES;Closure;Cerrado;2025-01-03 21:05:42;2025-01-12 19:37:38;09/01 AK05 SALA NODO C 14:00 Colocation Ingreso de Equipo // Proyecto CLAROCHILE SPA - 1588477 (ACI CISCO);Requerimiento;Colocation;Colocation;Ingreso y egreso de equipos;Servicio Colocation;Karen.Reyes;CI1002031;RF338195
SD1748040;SAMUEL PAREDES SAEZ;Closure;Cerrado;2025-01-03 16:41:12;2025-01-06 18:38:35;DRass // Solicitud acceso Internet a plataforma DRaaS // py 1592778;Requerimiento;Servicio Interno;Colocation;Apoyo habilitacion cliente;Plataforma T3 / Soporte Especializado;Victor.Covarrubias;CI1002031;RF338107
SD1747925;JUAN BARRERA RAMOS;Closure;Cerrado;2025-01-03 15:39:59;2025-01-12 14:37:10;Subsecretaria de Vivienda y Urbanismo //Agregar  IPs a Nuevos ESX;Requerimiento;Servicio Interno;Colocation;Revisión Virtualización;Torre Virtualización;Sebastian.Panes;CI1002031;RF338083
SD1747749;JUAN BARRERA RAMOS;Closure;Cerrado;2025-01-03 14:17:22;2025-01-06 15:38:06;Subsecretaria de Vivienda y Urbanismo //Registro Veritas Nuevos ESX;Requerimiento;Servicio Interno;Colocation;Torre Respaldos;Torre Respaldos;Pablo.Zbinden;CI1002031;RF338059
SD1746191;JUAN BARRERA RAMOS;Closure;Cerrado;2025-01-03 02:21:05;2025-01-06 19:38:21;Subsecretaria de Vivienda y Urbanismo //Registro DNS;Requerimiento;Servicio Interno;Colocation;Torre Virtualizacion;Torre Virtualización;Sebastian.Panes;CI1002031;RF337969
SD1745109;SAMUEL PAREDES SAEZ;Closure;Cerrado;2025-01-02 16:34:57;2025-01-05 17:37:35;DRass // Solicitud permisos ASA _ Veeam Backup// py 1592778;Requerimiento;Servicio Interno;Colocation;Apoyo habilitacion cliente;Plataforma T3 / Soporte Especializado;Victor.Covarrubias;CI1002031;RF337849

(1122 rows affected)
